boss,item_id,observed_mode,verified,evidence
1,45106,normal,yes,AtlasLootMY_DungeonsAndRaids 3.0.0 active Ulduar NORMAL_DIFF; 2026-10-08; sha256:545b52ea0e0e43d473182bd6281ad7e35d9807c9577311a76bd53ff91aeec02d
1,45107,normal,yes,AtlasLootMY_DungeonsAndRaids 3.0.0 active Ulduar NORMAL_DIFF; 2026-10-08; sha256:545b52ea0e0e43d473182bd6281ad7e35d9807c9577311a76bd53ff91aeec02d
1,45108,normal,yes,AtlasLootMY_DungeonsAndRaids 3.0.0 active Ulduar NORMAL_DIFF; 2026-10-08; sha256:545b52ea0e0e43d473182bd6281ad7e35d9807c9577311a76bd53ff91aeec02d
1,45109,normal,yes,AtlasLootMY_DungeonsAndRaids 3.0.0 active Ulduar NORMAL_DIFF; 2026-10-08; sha256:545b52ea0e0e43d473182bd6281ad7e35d9807c9577311a76bd53ff91aeec02d
1,45110,normal,yes,AtlasLootMY_DungeonsAndRaids 3.0.0 active Ulduar NORMAL_DIFF; 2026-10-08; sha256:545b52ea0e0e43d473182bd6281ad7e35d9807c9577311a76bd53ff91aeec02d
1,45111,normal,yes,AtlasLootMY_DungeonsAndRaids 3.0.0 active Ulduar NORMAL_DIFF; 2026-10-08; sha256:545b52ea0e0e43d473182bd6281ad7e35d9807c9577311a76bd53ff91aeec02d
1,45112,normal,yes,AtlasLootMY_DungeonsAndRaids 3.0.0 active Ulduar NORMAL_DIFF; 2026-10-08; sha256:545b52ea0e0e43d473182bd6281ad7e35d9807c9577311a76bd53ff91aeec02d
1,45113,normal,yes,AtlasLootMY_DungeonsAndRaids 3.0.0 active Ulduar NORMAL_DIFF; 2026-10-08; sha256:545b52ea0e0e43d473182bd6281ad7e35d9807c9577311a76bd53ff91aeec02d
1,45115,normal,yes,AtlasLootMY_DungeonsAndRaids 3.0.0 active Ulduar NORMAL_DIFF; 2026-10-08; sha256:545b52ea0e0e43d473182bd6281ad7e35d9807c9577311a76bd53ff91aeec02d
1,45116,normal,yes,AtlasLootMY_DungeonsAndRaids 3.0.0 active Ulduar NORMAL_DIFF; 2026-10-08; sha256:545b52ea0e0e43d473182bd6281ad7e35d9807c9577311a76bd53ff91aeec02d
1,45117,normal,yes,AtlasLootMY_DungeonsAndRaids 3.0.0 active Ulduar NORMAL_DIFF; 2026-10-08; sha256:545b52ea0e0e43d473182bd6281ad7e35d9807c9577311a76bd53ff91aeec02d
1,45118,normal,yes,AtlasLootMY_DungeonsAndRaids 3.0.0 active Ulduar NORMAL_DIFF; 2026-10-08; sha256:545b52ea0e0e43d473182bd6281ad7e35d9807c9577311a76bd53ff91aeec02d
1,45119,normal,yes,AtlasLootMY_DungeonsAndRaids 3.0.0 active Ulduar NORMAL_DIFF; 2026-10-08; sha256:545b52ea0e0e43d473182bd6281ad7e35d9807c9577311a76bd53ff91aeec02d
1,45132,normal,yes,AtlasLootMY_DungeonsAndRaids 3.0.0 active Ulduar NORMAL_DIFF; 2026-10-08; sha256:545b52ea0e0e43d473182bd6281ad7e35d9807c9577311a76bd53ff91aeec02d
1,45133,normal,yes,AtlasLootMY_DungeonsAndRaids 3.0.0 active Ulduar NORMAL_DIFF; 2026-10-08; sha256:545b52ea0e0e43d473182bd6281ad7e35d9807c9577311a76bd53ff91aeec02d
1,45134,normal,yes,AtlasLootMY_DungeonsAndRaids 3.0.0 active Ulduar NORMAL_DIFF; 2026-10-08; sha256:545b52ea0e0e43d473182bd6281ad7e35d9807c9577311a76bd53ff91aeec02d
1,45135,normal,yes,AtlasLootMY_DungeonsAndRaids 3.0.0 active Ulduar NORMAL_DIFF; 2026-10-08; sha256:545b52ea0e0e43d473182bd6281ad7e35d9807c9577311a76bd53ff91aeec02d
1,45136,normal,yes,AtlasLootMY_DungeonsAndRaids 3.0.0 active Ulduar NORMAL_DIFF; 2026-10-08; sha256:545b52ea0e0e43d473182bd6281ad7e35d9807c9577311a76bd53ff91aeec02d
1,45282,normal,yes,AtlasLootMY_DungeonsAndRaids 3.0.0 active Ulduar NORMAL_DIFF; 2026-10-08; sha256:545b52ea0e0e43d473182bd6281ad7e35d9807c9577311a76bd53ff91aeec02d
1,45283,normal,yes,AtlasLootMY_DungeonsAndRaids 3.0.0 active Ulduar NORMAL_DIFF; 2026-10-08; sha256:545b52ea0e0e43d473182bd6281ad7e35d9807c9577311a76bd53ff91aeec02d
1,45284,normal,yes,AtlasLootMY_DungeonsAndRaids 3.0.0 active Ulduar NORMAL_DIFF; 2026-10-08; sha256:545b52ea0e0e43d473182bd6281ad7e35d9807c9577311a76bd53ff91aeec02d
1,45285,normal,yes,AtlasLootMY_DungeonsAndRaids 3.0.0 active Ulduar NORMAL_DIFF; 2026-10-08; sha256:545b52ea0e0e43d473182bd6281ad7e35d9807c9577311a76bd53ff91aeec02d
1,45286,normal,yes,AtlasLootMY_DungeonsAndRaids 3.0.0 active Ulduar NORMAL_DIFF; 2026-10-08; sha256:545b52ea0e0e43d473182bd6281ad7e35d9807c9577311a76bd53ff91aeec02d
1,45287,normal,yes,AtlasLootMY_DungeonsAndRaids 3.0.0 active Ulduar NORMAL_DIFF; 2026-10-08; sha256:545b52ea0e0e43d473182bd6281ad7e35d9807c9577311a76bd53ff91aeec02d
1,45288,normal,yes,AtlasLootMY_DungeonsAndRaids 3.0.0 active Ulduar NORMAL_DIFF; 2026-10-08; sha256:545b52ea0e0e43d473182bd6281ad7e35d9807c9577311a76bd53ff91aeec02d
1,45289,normal,yes,AtlasLootMY_DungeonsAndRaids 3.0.0 active Ulduar NORMAL_DIFF; 2026-10-08; sha256:545b52ea0e0e43d473182bd6281ad7e35d9807c9577311a76bd53ff91aeec02d
1,45291,normal,yes,AtlasLootMY_DungeonsAndRaids 3.0.0 active Ulduar NORMAL_DIFF; 2026-10-08; sha256:545b52ea0e0e43d473182bd6281ad7e35d9807c9577311a76bd53ff91aeec02d
1,45292,normal,yes,AtlasLootMY_DungeonsAndRaids 3.0.0 active Ulduar NORMAL_DIFF; 2026-10-08; sha256:545b52ea0e0e43d473182bd6281ad7e35d9807c9577311a76bd53ff91aeec02d
1,45293,normal,yes,AtlasLootMY_DungeonsAndRaids 3.0.0 active Ulduar NORMAL_DIFF; 2026-10-08; sha256:545b52ea0e0e43d473182bd6281ad7e35d9807c9577311a76bd53ff91aeec02d
1,45295,normal,yes,AtlasLootMY_DungeonsAndRaids 3.0.0 active Ulduar NORMAL_DIFF; 2026-10-08; sha256:545b52ea0e0e43d473182bd6281ad7e35d9807c9577311a76bd53ff91aeec02d
1,45296,normal,yes,AtlasLootMY_DungeonsAndRaids 3.0.0 active Ulduar NORMAL_DIFF; 2026-10-08; sha256:545b52ea0e0e43d473182bd6281ad7e35d9807c9577311a76bd53ff91aeec02d
1,45297,normal,yes,AtlasLootMY_DungeonsAndRaids 3.0.0 active Ulduar NORMAL_DIFF; 2026-10-08; sha256:545b52ea0e0e43d473182bd6281ad7e35d9807c9577311a76bd53ff91aeec02d
1,45300,normal,yes,AtlasLootMY_DungeonsAndRaids 3.0.0 active Ulduar NORMAL_DIFF; 2026-10-08; sha256:545b52ea0e0e43d473182bd6281ad7e35d9807c9577311a76bd53ff91aeec02d
1,270187,normal,yes,AtlasLootMY_DungeonsAndRaids 3.0.0 active Ulduar NORMAL_DIFF; 2026-10-08; sha256:545b52ea0e0e43d473182bd6281ad7e35d9807c9577311a76bd53ff91aeec02d
2,45137,normal,yes,AtlasLootMY_DungeonsAndRaids 3.0.0 active Ulduar NORMAL_DIFF; 2026-10-08; sha256:545b52ea0e0e43d473182bd6281ad7e35d9807c9577311a76bd53ff91aeec02d
2,45138,normal,yes,AtlasLootMY_DungeonsAndRaids 3.0.0 active Ulduar NORMAL_DIFF; 2026-10-08; sha256:545b52ea0e0e43d473182bd6281ad7e35d9807c9577311a76bd53ff91aeec02d
2,45139,normal,yes,AtlasLootMY_DungeonsAndRaids 3.0.0 active Ulduar NORMAL_DIFF; 2026-10-08; sha256:545b52ea0e0e43d473182bd6281ad7e35d9807c9577311a76bd53ff91aeec02d
2,45140,normal,yes,AtlasLootMY_DungeonsAndRaids 3.0.0 active Ulduar NORMAL_DIFF; 2026-10-08; sha256:545b52ea0e0e43d473182bd6281ad7e35d9807c9577311a76bd53ff91aeec02d
2,45141,normal,yes,AtlasLootMY_DungeonsAndRaids 3.0.0 active Ulduar NORMAL_DIFF; 2026-10-08; sha256:545b52ea0e0e43d473182bd6281ad7e35d9807c9577311a76bd53ff91aeec02d
2,45142,normal,yes,AtlasLootMY_DungeonsAndRaids 3.0.0 active Ulduar NORMAL_DIFF; 2026-10-08; sha256:545b52ea0e0e43d473182bd6281ad7e35d9807c9577311a76bd53ff91aeec02d
2,45143,normal,yes,AtlasLootMY_DungeonsAndRaids 3.0.0 active Ulduar NORMAL_DIFF; 2026-10-08; sha256:545b52ea0e0e43d473182bd6281ad7e35d9807c9577311a76bd53ff91aeec02d
2,45146,normal,yes,AtlasLootMY_DungeonsAndRaids 3.0.0 active Ulduar NORMAL_DIFF; 2026-10-08; sha256:545b52ea0e0e43d473182bd6281ad7e35d9807c9577311a76bd53ff91aeec02d
2,45147,normal,yes,AtlasLootMY_DungeonsAndRaids 3.0.0 active Ulduar NORMAL_DIFF; 2026-10-08; sha256:545b52ea0e0e43d473182bd6281ad7e35d9807c9577311a76bd53ff91aeec02d
2,45148,normal,yes,AtlasLootMY_DungeonsAndRaids 3.0.0 active Ulduar NORMAL_DIFF; 2026-10-08; sha256:545b52ea0e0e43d473182bd6281ad7e35d9807c9577311a76bd53ff91aeec02d
2,45149,normal,yes,AtlasLootMY_DungeonsAndRaids 3.0.0 active Ulduar NORMAL_DIFF; 2026-10-08; sha256:545b52ea0e0e43d473182bd6281ad7e35d9807c9577311a76bd53ff91aeec02d
2,45150,normal,yes,AtlasLootMY_DungeonsAndRaids 3.0.0 active Ulduar NORMAL_DIFF; 2026-10-08; sha256:545b52ea0e0e43d473182bd6281ad7e35d9807c9577311a76bd53ff91aeec02d
2,45151,normal,yes,AtlasLootMY_DungeonsAndRaids 3.0.0 active Ulduar NORMAL_DIFF; 2026-10-08; sha256:545b52ea0e0e43d473182bd6281ad7e35d9807c9577311a76bd53ff91aeec02d
2,45298,normal,yes,AtlasLootMY_DungeonsAndRaids 3.0.0 active Ulduar NORMAL_DIFF; 2026-10-08; sha256:545b52ea0e0e43d473182bd6281ad7e35d9807c9577311a76bd53ff91aeec02d
2,45299,normal,yes,AtlasLootMY_DungeonsAndRaids 3.0.0 active Ulduar NORMAL_DIFF; 2026-10-08; sha256:545b52ea0e0e43d473182bd6281ad7e35d9807c9577311a76bd53ff91aeec02d
2,45301,normal,yes,AtlasLootMY_DungeonsAndRaids 3.0.0 active Ulduar NORMAL_DIFF; 2026-10-08; sha256:545b52ea0e0e43d473182bd6281ad7e35d9807c9577311a76bd53ff91aeec02d
2,45302,normal,yes,AtlasLootMY_DungeonsAndRaids 3.0.0 active Ulduar NORMAL_DIFF; 2026-10-08; sha256:545b52ea0e0e43d473182bd6281ad7e35d9807c9577311a76bd53ff91aeec02d
2,45303,normal,yes,AtlasLootMY_DungeonsAndRaids 3.0.0 active Ulduar NORMAL_DIFF; 2026-10-08; sha256:545b52ea0e0e43d473182bd6281ad7e35d9807c9577311a76bd53ff91aeec02d
2,45305,normal,yes,AtlasLootMY_DungeonsAndRaids 3.0.0 active Ulduar NORMAL_DIFF; 2026-10-08; sha256:545b52ea0e0e43d473182bd6281ad7e35d9807c9577311a76bd53ff91aeec02d
2,45306,normal,yes,AtlasLootMY_DungeonsAndRaids 3.0.0 active Ulduar NORMAL_DIFF; 2026-10-08; sha256:545b52ea0e0e43d473182bd6281ad7e35d9807c9577311a76bd53ff91aeec02d
2,45308,normal,yes,AtlasLootMY_DungeonsAndRaids 3.0.0 active Ulduar NORMAL_DIFF; 2026-10-08; sha256:545b52ea0e0e43d473182bd6281ad7e35d9807c9577311a76bd53ff91aeec02d
2,270187,normal,yes,AtlasLootMY_DungeonsAndRaids 3.0.0 active Ulduar NORMAL_DIFF; 2026-10-08; sha256:545b52ea0e0e43d473182bd6281ad7e35d9807c9577311a76bd53ff91aeec02d
3,45157,normal,yes,AtlasLootMY_DungeonsAndRaids 3.0.0 active Ulduar NORMAL_DIFF; 2026-10-08; sha256:545b52ea0e0e43d473182bd6281ad7e35d9807c9577311a76bd53ff91aeec02d
3,45158,normal,yes,AtlasLootMY_DungeonsAndRaids 3.0.0 active Ulduar NORMAL_DIFF; 2026-10-08; sha256:545b52ea0e0e43d473182bd6281ad7e35d9807c9577311a76bd53ff91aeec02d
3,45161,normal,yes,AtlasLootMY_DungeonsAndRaids 3.0.0 active Ulduar NORMAL_DIFF; 2026-10-08; sha256:545b52ea0e0e43d473182bd6281ad7e35d9807c9577311a76bd53ff91aeec02d
3,45162,normal,yes,AtlasLootMY_DungeonsAndRaids 3.0.0 active Ulduar NORMAL_DIFF; 2026-10-08; sha256:545b52ea0e0e43d473182bd6281ad7e35d9807c9577311a76bd53ff91aeec02d
3,45164,normal,yes,AtlasLootMY_DungeonsAndRaids 3.0.0 active Ulduar NORMAL_DIFF; 2026-10-08; sha256:545b52ea0e0e43d473182bd6281ad7e35d9807c9577311a76bd53ff91aeec02d
3,45165,normal,yes,AtlasLootMY_DungeonsAndRaids 3.0.0 active Ulduar NORMAL_DIFF; 2026-10-08; sha256:545b52ea0e0e43d473182bd6281ad7e35d9807c9577311a76bd53ff91aeec02d
3,45166,normal,yes,AtlasLootMY_DungeonsAndRaids 3.0.0 active Ulduar NORMAL_DIFF; 2026-10-08; sha256:545b52ea0e0e43d473182bd6281ad7e35d9807c9577311a76bd53ff91aeec02d
3,45167,normal,yes,AtlasLootMY_DungeonsAndRaids 3.0.0 active Ulduar NORMAL_DIFF; 2026-10-08; sha256:545b52ea0e0e43d473182bd6281ad7e35d9807c9577311a76bd53ff91aeec02d
3,45168,normal,yes,AtlasLootMY_DungeonsAndRaids 3.0.0 active Ulduar NORMAL_DIFF; 2026-10-08; sha256:545b52ea0e0e43d473182bd6281ad7e35d9807c9577311a76bd53ff91aeec02d
3,45170,normal,yes,AtlasLootMY_DungeonsAndRaids 3.0.0 active Ulduar NORMAL_DIFF; 2026-10-08; sha256:545b52ea0e0e43d473182bd6281ad7e35d9807c9577311a76bd53ff91aeec02d
3,45171,normal,yes,AtlasLootMY_DungeonsAndRaids 3.0.0 active Ulduar NORMAL_DIFF; 2026-10-08; sha256:545b52ea0e0e43d473182bd6281ad7e35d9807c9577311a76bd53ff91aeec02d
3,45185,normal,yes,AtlasLootMY_DungeonsAndRaids 3.0.0 active Ulduar NORMAL_DIFF; 2026-10-08; sha256:545b52ea0e0e43d473182bd6281ad7e35d9807c9577311a76bd53ff91aeec02d
3,45186,normal,yes,AtlasLootMY_DungeonsAndRaids 3.0.0 active Ulduar NORMAL_DIFF; 2026-10-08; sha256:545b52ea0e0e43d473182bd6281ad7e35d9807c9577311a76bd53ff91aeec02d
3,45187,normal,yes,AtlasLootMY_DungeonsAndRaids 3.0.0 active Ulduar NORMAL_DIFF; 2026-10-08; sha256:545b52ea0e0e43d473182bd6281ad7e35d9807c9577311a76bd53ff91aeec02d
3,45309,normal,yes,AtlasLootMY_DungeonsAndRaids 3.0.0 active Ulduar NORMAL_DIFF; 2026-10-08; sha256:545b52ea0e0e43d473182bd6281ad7e35d9807c9577311a76bd53ff91aeec02d
3,45310,normal,yes,AtlasLootMY_DungeonsAndRaids 3.0.0 active Ulduar NORMAL_DIFF; 2026-10-08; sha256:545b52ea0e0e43d473182bd6281ad7e35d9807c9577311a76bd53ff91aeec02d
3,45311,normal,yes,AtlasLootMY_DungeonsAndRaids 3.0.0 active Ulduar NORMAL_DIFF; 2026-10-08; sha256:545b52ea0e0e43d473182bd6281ad7e35d9807c9577311a76bd53ff91aeec02d
3,45312,normal,yes,AtlasLootMY_DungeonsAndRaids 3.0.0 active Ulduar NORMAL_DIFF; 2026-10-08; sha256:545b52ea0e0e43d473182bd6281ad7e35d9807c9577311a76bd53ff91aeec02d
3,45313,normal,yes,AtlasLootMY_DungeonsAndRaids 3.0.0 active Ulduar NORMAL_DIFF; 2026-10-08; sha256:545b52ea0e0e43d473182bd6281ad7e35d9807c9577311a76bd53ff91aeec02d
3,45314,normal,yes,AtlasLootMY_DungeonsAndRaids 3.0.0 active Ulduar NORMAL_DIFF; 2026-10-08; sha256:545b52ea0e0e43d473182bd6281ad7e35d9807c9577311a76bd53ff91aeec02d
3,45316,normal,yes,AtlasLootMY_DungeonsAndRaids 3.0.0 active Ulduar NORMAL_DIFF; 2026-10-08; sha256:545b52ea0e0e43d473182bd6281ad7e35d9807c9577311a76bd53ff91aeec02d
3,45317,normal,yes,AtlasLootMY_DungeonsAndRaids 3.0.0 active Ulduar NORMAL_DIFF; 2026-10-08; sha256:545b52ea0e0e43d473182bd6281ad7e35d9807c9577311a76bd53ff91aeec02d
3,45318,normal,yes,AtlasLootMY_DungeonsAndRaids 3.0.0 active Ulduar NORMAL_DIFF; 2026-10-08; sha256:545b52ea0e0e43d473182bd6281ad7e35d9807c9577311a76bd53ff91aeec02d
3,45321,normal,yes,AtlasLootMY_DungeonsAndRaids 3.0.0 active Ulduar NORMAL_DIFF; 2026-10-08; sha256:545b52ea0e0e43d473182bd6281ad7e35d9807c9577311a76bd53ff91aeec02d
3,270157,normal,yes,AtlasLootMY_DungeonsAndRaids 3.0.0 active Ulduar NORMAL_DIFF; 2026-10-08; sha256:545b52ea0e0e43d473182bd6281ad7e35d9807c9577311a76bd53ff91aeec02d
3,270187,normal,yes,AtlasLootMY_DungeonsAndRaids 3.0.0 active Ulduar NORMAL_DIFF; 2026-10-08; sha256:545b52ea0e0e43d473182bd6281ad7e35d9807c9577311a76bd53ff91aeec02d
4,45246,normal,yes,AtlasLootMY_DungeonsAndRaids 3.0.0 active Ulduar NORMAL_DIFF; 2026-10-08; sha256:545b52ea0e0e43d473182bd6281ad7e35d9807c9577311a76bd53ff91aeec02d
4,45247,normal,yes,AtlasLootMY_DungeonsAndRaids 3.0.0 active Ulduar NORMAL_DIFF; 2026-10-08; sha256:545b52ea0e0e43d473182bd6281ad7e35d9807c9577311a76bd53ff91aeec02d
4,45248,normal,yes,AtlasLootMY_DungeonsAndRaids 3.0.0 active Ulduar NORMAL_DIFF; 2026-10-08; sha256:545b52ea0e0e43d473182bd6281ad7e35d9807c9577311a76bd53ff91aeec02d
4,45249,normal,yes,AtlasLootMY_DungeonsAndRaids 3.0.0 active Ulduar NORMAL_DIFF; 2026-10-08; sha256:545b52ea0e0e43d473182bd6281ad7e35d9807c9577311a76bd53ff91aeec02d
4,45250,normal,yes,AtlasLootMY_DungeonsAndRaids 3.0.0 active Ulduar NORMAL_DIFF; 2026-10-08; sha256:545b52ea0e0e43d473182bd6281ad7e35d9807c9577311a76bd53ff91aeec02d
4,45251,normal,yes,AtlasLootMY_DungeonsAndRaids 3.0.0 active Ulduar NORMAL_DIFF; 2026-10-08; sha256:545b52ea0e0e43d473182bd6281ad7e35d9807c9577311a76bd53ff91aeec02d
4,45252,normal,yes,AtlasLootMY_DungeonsAndRaids 3.0.0 active Ulduar NORMAL_DIFF; 2026-10-08; sha256:545b52ea0e0e43d473182bd6281ad7e35d9807c9577311a76bd53ff91aeec02d
4,45253,normal,yes,AtlasLootMY_DungeonsAndRaids 3.0.0 active Ulduar NORMAL_DIFF; 2026-10-08; sha256:545b52ea0e0e43d473182bd6281ad7e35d9807c9577311a76bd53ff91aeec02d
4,45256,normal,yes,AtlasLootMY_DungeonsAndRaids 3.0.0 active Ulduar NORMAL_DIFF; 2026-10-08; sha256:545b52ea0e0e43d473182bd6281ad7e35d9807c9577311a76bd53ff91aeec02d
4,45257,normal,yes,AtlasLootMY_DungeonsAndRaids 3.0.0 active Ulduar NORMAL_DIFF; 2026-10-08; sha256:545b52ea0e0e43d473182bd6281ad7e35d9807c9577311a76bd53ff91aeec02d
4,45258,normal,yes,AtlasLootMY_DungeonsAndRaids 3.0.0 active Ulduar NORMAL_DIFF; 2026-10-08; sha256:545b52ea0e0e43d473182bd6281ad7e35d9807c9577311a76bd53ff91aeec02d
4,45259,normal,yes,AtlasLootMY_DungeonsAndRaids 3.0.0 active Ulduar NORMAL_DIFF; 2026-10-08; sha256:545b52ea0e0e43d473182bd6281ad7e35d9807c9577311a76bd53ff91aeec02d
4,45260,normal,yes,AtlasLootMY_DungeonsAndRaids 3.0.0 active Ulduar NORMAL_DIFF; 2026-10-08; sha256:545b52ea0e0e43d473182bd6281ad7e35d9807c9577311a76bd53ff91aeec02d
4,45442,normal,yes,AtlasLootMY_DungeonsAndRaids 3.0.0 active Ulduar NORMAL_DIFF; 2026-10-08; sha256:545b52ea0e0e43d473182bd6281ad7e35d9807c9577311a76bd53ff91aeec02d
4,45443,normal,yes,AtlasLootMY_DungeonsAndRaids 3.0.0 active Ulduar NORMAL_DIFF; 2026-10-08; sha256:545b52ea0e0e43d473182bd6281ad7e35d9807c9577311a76bd53ff91aeec02d
4,45444,normal,yes,AtlasLootMY_DungeonsAndRaids 3.0.0 active Ulduar NORMAL_DIFF; 2026-10-08; sha256:545b52ea0e0e43d473182bd6281ad7e35d9807c9577311a76bd53ff91aeec02d
4,45445,normal,yes,AtlasLootMY_DungeonsAndRaids 3.0.0 active Ulduar NORMAL_DIFF; 2026-10-08; sha256:545b52ea0e0e43d473182bd6281ad7e35d9807c9577311a76bd53ff91aeec02d
4,45446,normal,yes,AtlasLootMY_DungeonsAndRaids 3.0.0 active Ulduar NORMAL_DIFF; 2026-10-08; sha256:545b52ea0e0e43d473182bd6281ad7e35d9807c9577311a76bd53ff91aeec02d
4,45675,normal,yes,AtlasLootMY_DungeonsAndRaids 3.0.0 active Ulduar NORMAL_DIFF; 2026-10-08; sha256:545b52ea0e0e43d473182bd6281ad7e35d9807c9577311a76bd53ff91aeec02d
4,45676,normal,yes,AtlasLootMY_DungeonsAndRaids 3.0.0 active Ulduar NORMAL_DIFF; 2026-10-08; sha256:545b52ea0e0e43d473182bd6281ad7e35d9807c9577311a76bd53ff91aeec02d
4,45677,normal,yes,AtlasLootMY_DungeonsAndRaids 3.0.0 active Ulduar NORMAL_DIFF; 2026-10-08; sha256:545b52ea0e0e43d473182bd6281ad7e35d9807c9577311a76bd53ff91aeec02d
4,45679,normal,yes,AtlasLootMY_DungeonsAndRaids 3.0.0 active Ulduar NORMAL_DIFF; 2026-10-08; sha256:545b52ea0e0e43d473182bd6281ad7e35d9807c9577311a76bd53ff91aeec02d
4,45680,normal,yes,AtlasLootMY_DungeonsAndRaids 3.0.0 active Ulduar NORMAL_DIFF; 2026-10-08; sha256:545b52ea0e0e43d473182bd6281ad7e35d9807c9577311a76bd53ff91aeec02d
4,45682,normal,yes,AtlasLootMY_DungeonsAndRaids 3.0.0 active Ulduar NORMAL_DIFF; 2026-10-08; sha256:545b52ea0e0e43d473182bd6281ad7e35d9807c9577311a76bd53ff91aeec02d
4,45685,normal,yes,AtlasLootMY_DungeonsAndRaids 3.0.0 active Ulduar NORMAL_DIFF; 2026-10-08; sha256:545b52ea0e0e43d473182bd6281ad7e35d9807c9577311a76bd53ff91aeec02d
4,45686,normal,yes,AtlasLootMY_DungeonsAndRaids 3.0.0 active Ulduar NORMAL_DIFF; 2026-10-08; sha256:545b52ea0e0e43d473182bd6281ad7e35d9807c9577311a76bd53ff91aeec02d
4,45687,normal,yes,AtlasLootMY_DungeonsAndRaids 3.0.0 active Ulduar NORMAL_DIFF; 2026-10-08; sha256:545b52ea0e0e43d473182bd6281ad7e35d9807c9577311a76bd53ff91aeec02d
4,45694,normal,yes,AtlasLootMY_DungeonsAndRaids 3.0.0 active Ulduar NORMAL_DIFF; 2026-10-08; sha256:545b52ea0e0e43d473182bd6281ad7e35d9807c9577311a76bd53ff91aeec02d
4,45867,normal,yes,AtlasLootMY_DungeonsAndRaids 3.0.0 active Ulduar NORMAL_DIFF; 2026-10-08; sha256:545b52ea0e0e43d473182bd6281ad7e35d9807c9577311a76bd53ff91aeec02d
4,45868,normal,yes,AtlasLootMY_DungeonsAndRaids 3.0.0 active Ulduar NORMAL_DIFF; 2026-10-08; sha256:545b52ea0e0e43d473182bd6281ad7e35d9807c9577311a76bd53ff91aeec02d
4,45869,normal,yes,AtlasLootMY_DungeonsAndRaids 3.0.0 active Ulduar NORMAL_DIFF; 2026-10-08; sha256:545b52ea0e0e43d473182bd6281ad7e35d9807c9577311a76bd53ff91aeec02d
4,45870,normal,yes,AtlasLootMY_DungeonsAndRaids 3.0.0 active Ulduar NORMAL_DIFF; 2026-10-08; sha256:545b52ea0e0e43d473182bd6281ad7e35d9807c9577311a76bd53ff91aeec02d
4,45871,normal,yes,AtlasLootMY_DungeonsAndRaids 3.0.0 active Ulduar NORMAL_DIFF; 2026-10-08; sha256:545b52ea0e0e43d473182bd6281ad7e35d9807c9577311a76bd53ff91aeec02d
4,270187,normal,yes,AtlasLootMY_DungeonsAndRaids 3.0.0 active Ulduar NORMAL_DIFF; 2026-10-08; sha256:545b52ea0e0e43d473182bd6281ad7e35d9807c9577311a76bd53ff91aeec02d
5,45193,normal,yes,AtlasLootMY_DungeonsAndRaids 3.0.0 active Ulduar NORMAL_DIFF; 2026-10-08; sha256:545b52ea0e0e43d473182bd6281ad7e35d9807c9577311a76bd53ff91aeec02d
5,45224,normal,yes,AtlasLootMY_DungeonsAndRaids 3.0.0 active Ulduar NORMAL_DIFF; 2026-10-08; sha256:545b52ea0e0e43d473182bd6281ad7e35d9807c9577311a76bd53ff91aeec02d
5,45225,normal,yes,AtlasLootMY_DungeonsAndRaids 3.0.0 active Ulduar NORMAL_DIFF; 2026-10-08; sha256:545b52ea0e0e43d473182bd6281ad7e35d9807c9577311a76bd53ff91aeec02d
5,45226,normal,yes,AtlasLootMY_DungeonsAndRaids 3.0.0 active Ulduar NORMAL_DIFF; 2026-10-08; sha256:545b52ea0e0e43d473182bd6281ad7e35d9807c9577311a76bd53ff91aeec02d
5,45227,normal,yes,AtlasLootMY_DungeonsAndRaids 3.0.0 active Ulduar NORMAL_DIFF; 2026-10-08; sha256:545b52ea0e0e43d473182bd6281ad7e35d9807c9577311a76bd53ff91aeec02d
5,45228,normal,yes,AtlasLootMY_DungeonsAndRaids 3.0.0 active Ulduar NORMAL_DIFF; 2026-10-08; sha256:545b52ea0e0e43d473182bd6281ad7e35d9807c9577311a76bd53ff91aeec02d
5,45232,normal,yes,AtlasLootMY_DungeonsAndRaids 3.0.0 active Ulduar NORMAL_DIFF; 2026-10-08; sha256:545b52ea0e0e43d473182bd6281ad7e35d9807c9577311a76bd53ff91aeec02d
5,45233,normal,yes,AtlasLootMY_DungeonsAndRaids 3.0.0 active Ulduar NORMAL_DIFF; 2026-10-08; sha256:545b52ea0e0e43d473182bd6281ad7e35d9807c9577311a76bd53ff91aeec02d
5,45234,normal,yes,AtlasLootMY_DungeonsAndRaids 3.0.0 active Ulduar NORMAL_DIFF; 2026-10-08; sha256:545b52ea0e0e43d473182bd6281ad7e35d9807c9577311a76bd53ff91aeec02d
5,45237,normal,yes,AtlasLootMY_DungeonsAndRaids 3.0.0 active Ulduar NORMAL_DIFF; 2026-10-08; sha256:545b52ea0e0e43d473182bd6281ad7e35d9807c9577311a76bd53ff91aeec02d
5,45238,normal,yes,AtlasLootMY_DungeonsAndRaids 3.0.0 active Ulduar NORMAL_DIFF; 2026-10-08; sha256:545b52ea0e0e43d473182bd6281ad7e35d9807c9577311a76bd53ff91aeec02d
5,45239,normal,yes,AtlasLootMY_DungeonsAndRaids 3.0.0 active Ulduar NORMAL_DIFF; 2026-10-08; sha256:545b52ea0e0e43d473182bd6281ad7e35d9807c9577311a76bd53ff91aeec02d
5,45240,normal,yes,AtlasLootMY_DungeonsAndRaids 3.0.0 active Ulduar NORMAL_DIFF; 2026-10-08; sha256:545b52ea0e0e43d473182bd6281ad7e35d9807c9577311a76bd53ff91aeec02d
5,45241,normal,yes,AtlasLootMY_DungeonsAndRaids 3.0.0 active Ulduar NORMAL_DIFF; 2026-10-08; sha256:545b52ea0e0e43d473182bd6281ad7e35d9807c9577311a76bd53ff91aeec02d
5,45242,normal,yes,AtlasLootMY_DungeonsAndRaids 3.0.0 active Ulduar NORMAL_DIFF; 2026-10-08; sha256:545b52ea0e0e43d473182bd6281ad7e35d9807c9577311a76bd53ff91aeec02d
5,45243,normal,yes,AtlasLootMY_DungeonsAndRaids 3.0.0 active Ulduar NORMAL_DIFF; 2026-10-08; sha256:545b52ea0e0e43d473182bd6281ad7e35d9807c9577311a76bd53ff91aeec02d
5,45244,normal,yes,AtlasLootMY_DungeonsAndRaids 3.0.0 active Ulduar NORMAL_DIFF; 2026-10-08; sha256:545b52ea0e0e43d473182bd6281ad7e35d9807c9577311a76bd53ff91aeec02d
5,45245,normal,yes,AtlasLootMY_DungeonsAndRaids 3.0.0 active Ulduar NORMAL_DIFF; 2026-10-08; sha256:545b52ea0e0e43d473182bd6281ad7e35d9807c9577311a76bd53ff91aeec02d
5,45322,normal,yes,AtlasLootMY_DungeonsAndRaids 3.0.0 active Ulduar NORMAL_DIFF; 2026-10-08; sha256:545b52ea0e0e43d473182bd6281ad7e35d9807c9577311a76bd53ff91aeec02d
5,45324,normal,yes,AtlasLootMY_DungeonsAndRaids 3.0.0 active Ulduar NORMAL_DIFF; 2026-10-08; sha256:545b52ea0e0e43d473182bd6281ad7e35d9807c9577311a76bd53ff91aeec02d
5,45330,normal,yes,AtlasLootMY_DungeonsAndRaids 3.0.0 active Ulduar NORMAL_DIFF; 2026-10-08; sha256:545b52ea0e0e43d473182bd6281ad7e35d9807c9577311a76bd53ff91aeec02d
5,45332,normal,yes,AtlasLootMY_DungeonsAndRaids 3.0.0 active Ulduar NORMAL_DIFF; 2026-10-08; sha256:545b52ea0e0e43d473182bd6281ad7e35d9807c9577311a76bd53ff91aeec02d
5,45333,normal,yes,AtlasLootMY_DungeonsAndRaids 3.0.0 active Ulduar NORMAL_DIFF; 2026-10-08; sha256:545b52ea0e0e43d473182bd6281ad7e35d9807c9577311a76bd53ff91aeec02d
5,45418,normal,yes,AtlasLootMY_DungeonsAndRaids 3.0.0 active Ulduar NORMAL_DIFF; 2026-10-08; sha256:545b52ea0e0e43d473182bd6281ad7e35d9807c9577311a76bd53ff91aeec02d
5,45423,normal,yes,AtlasLootMY_DungeonsAndRaids 3.0.0 active Ulduar NORMAL_DIFF; 2026-10-08; sha256:545b52ea0e0e43d473182bd6281ad7e35d9807c9577311a76bd53ff91aeec02d
5,45447,normal,yes,AtlasLootMY_DungeonsAndRaids 3.0.0 active Ulduar NORMAL_DIFF; 2026-10-08; sha256:545b52ea0e0e43d473182bd6281ad7e35d9807c9577311a76bd53ff91aeec02d
5,45448,normal,yes,AtlasLootMY_DungeonsAndRaids 3.0.0 active Ulduar NORMAL_DIFF; 2026-10-08; sha256:545b52ea0e0e43d473182bd6281ad7e35d9807c9577311a76bd53ff91aeec02d
5,45449,normal,yes,AtlasLootMY_DungeonsAndRaids 3.0.0 active Ulduar NORMAL_DIFF; 2026-10-08; sha256:545b52ea0e0e43d473182bd6281ad7e35d9807c9577311a76bd53ff91aeec02d
5,45455,normal,yes,AtlasLootMY_DungeonsAndRaids 3.0.0 active Ulduar NORMAL_DIFF; 2026-10-08; sha256:545b52ea0e0e43d473182bd6281ad7e35d9807c9577311a76bd53ff91aeec02d
5,45456,normal,yes,AtlasLootMY_DungeonsAndRaids 3.0.0 active Ulduar NORMAL_DIFF; 2026-10-08; sha256:545b52ea0e0e43d473182bd6281ad7e35d9807c9577311a76bd53ff91aeec02d
5,45607,normal,yes,AtlasLootMY_DungeonsAndRaids 3.0.0 active Ulduar NORMAL_DIFF; 2026-10-08; sha256:545b52ea0e0e43d473182bd6281ad7e35d9807c9577311a76bd53ff91aeec02d
5,45857,normal,yes,AtlasLootMY_DungeonsAndRaids 3.0.0 active Ulduar NORMAL_DIFF; 2026-10-08; sha256:545b52ea0e0e43d473182bd6281ad7e35d9807c9577311a76bd53ff91aeec02d
5,270148,normal,yes,AtlasLootMY_DungeonsAndRaids 3.0.0 active Ulduar NORMAL_DIFF; 2026-10-08; sha256:545b52ea0e0e43d473182bd6281ad7e35d9807c9577311a76bd53ff91aeec02d
5,270187,normal,yes,AtlasLootMY_DungeonsAndRaids 3.0.0 active Ulduar NORMAL_DIFF; 2026-10-08; sha256:545b52ea0e0e43d473182bd6281ad7e35d9807c9577311a76bd53ff91aeec02d
6,45261,normal,yes,AtlasLootMY_DungeonsAndRaids 3.0.0 active Ulduar NORMAL_DIFF; 2026-10-08; sha256:545b52ea0e0e43d473182bd6281ad7e35d9807c9577311a76bd53ff91aeec02d
6,45262,normal,yes,AtlasLootMY_DungeonsAndRaids 3.0.0 active Ulduar NORMAL_DIFF; 2026-10-08; sha256:545b52ea0e0e43d473182bd6281ad7e35d9807c9577311a76bd53ff91aeec02d
6,45263,normal,yes,AtlasLootMY_DungeonsAndRaids 3.0.0 active Ulduar NORMAL_DIFF; 2026-10-08; sha256:545b52ea0e0e43d473182bd6281ad7e35d9807c9577311a76bd53ff91aeec02d
6,45264,normal,yes,AtlasLootMY_DungeonsAndRaids 3.0.0 active Ulduar NORMAL_DIFF; 2026-10-08; sha256:545b52ea0e0e43d473182bd6281ad7e35d9807c9577311a76bd53ff91aeec02d
6,45265,normal,yes,AtlasLootMY_DungeonsAndRaids 3.0.0 active Ulduar NORMAL_DIFF; 2026-10-08; sha256:545b52ea0e0e43d473182bd6281ad7e35d9807c9577311a76bd53ff91aeec02d
6,45266,normal,yes,AtlasLootMY_DungeonsAndRaids 3.0.0 active Ulduar NORMAL_DIFF; 2026-10-08; sha256:545b52ea0e0e43d473182bd6281ad7e35d9807c9577311a76bd53ff91aeec02d
6,45267,normal,yes,AtlasLootMY_DungeonsAndRaids 3.0.0 active Ulduar NORMAL_DIFF; 2026-10-08; sha256:545b52ea0e0e43d473182bd6281ad7e35d9807c9577311a76bd53ff91aeec02d
6,45268,normal,yes,AtlasLootMY_DungeonsAndRaids 3.0.0 active Ulduar NORMAL_DIFF; 2026-10-08; sha256:545b52ea0e0e43d473182bd6281ad7e35d9807c9577311a76bd53ff91aeec02d
6,45269,normal,yes,AtlasLootMY_DungeonsAndRaids 3.0.0 active Ulduar NORMAL_DIFF; 2026-10-08; sha256:545b52ea0e0e43d473182bd6281ad7e35d9807c9577311a76bd53ff91aeec02d
6,45271,normal,yes,AtlasLootMY_DungeonsAndRaids 3.0.0 active Ulduar NORMAL_DIFF; 2026-10-08; sha256:545b52ea0e0e43d473182bd6281ad7e35d9807c9577311a76bd53ff91aeec02d
6,45272,normal,yes,AtlasLootMY_DungeonsAndRaids 3.0.0 active Ulduar NORMAL_DIFF; 2026-10-08; sha256:545b52ea0e0e43d473182bd6281ad7e35d9807c9577311a76bd53ff91aeec02d
6,45273,normal,yes,AtlasLootMY_DungeonsAndRaids 3.0.0 active Ulduar NORMAL_DIFF; 2026-10-08; sha256:545b52ea0e0e43d473182bd6281ad7e35d9807c9577311a76bd53ff91aeec02d
6,45274,normal,yes,AtlasLootMY_DungeonsAndRaids 3.0.0 active Ulduar NORMAL_DIFF; 2026-10-08; sha256:545b52ea0e0e43d473182bd6281ad7e35d9807c9577311a76bd53ff91aeec02d
6,45275,normal,yes,AtlasLootMY_DungeonsAndRaids 3.0.0 active Ulduar NORMAL_DIFF; 2026-10-08; sha256:545b52ea0e0e43d473182bd6281ad7e35d9807c9577311a76bd53ff91aeec02d
6,45695,normal,yes,AtlasLootMY_DungeonsAndRaids 3.0.0 active Ulduar NORMAL_DIFF; 2026-10-08; sha256:545b52ea0e0e43d473182bd6281ad7e35d9807c9577311a76bd53ff91aeec02d
6,45696,normal,yes,AtlasLootMY_DungeonsAndRaids 3.0.0 active Ulduar NORMAL_DIFF; 2026-10-08; sha256:545b52ea0e0e43d473182bd6281ad7e35d9807c9577311a76bd53ff91aeec02d
6,45697,normal,yes,AtlasLootMY_DungeonsAndRaids 3.0.0 active Ulduar NORMAL_DIFF; 2026-10-08; sha256:545b52ea0e0e43d473182bd6281ad7e35d9807c9577311a76bd53ff91aeec02d
6,45698,normal,yes,AtlasLootMY_DungeonsAndRaids 3.0.0 active Ulduar NORMAL_DIFF; 2026-10-08; sha256:545b52ea0e0e43d473182bd6281ad7e35d9807c9577311a76bd53ff91aeec02d
6,45699,normal,yes,AtlasLootMY_DungeonsAndRaids 3.0.0 active Ulduar NORMAL_DIFF; 2026-10-08; sha256:545b52ea0e0e43d473182bd6281ad7e35d9807c9577311a76bd53ff91aeec02d
6,45700,normal,yes,AtlasLootMY_DungeonsAndRaids 3.0.0 active Ulduar NORMAL_DIFF; 2026-10-08; sha256:545b52ea0e0e43d473182bd6281ad7e35d9807c9577311a76bd53ff91aeec02d
6,45701,normal,yes,AtlasLootMY_DungeonsAndRaids 3.0.0 active Ulduar NORMAL_DIFF; 2026-10-08; sha256:545b52ea0e0e43d473182bd6281ad7e35d9807c9577311a76bd53ff91aeec02d
6,45702,normal,yes,AtlasLootMY_DungeonsAndRaids 3.0.0 active Ulduar NORMAL_DIFF; 2026-10-08; sha256:545b52ea0e0e43d473182bd6281ad7e35d9807c9577311a76bd53ff91aeec02d
6,45703,normal,yes,AtlasLootMY_DungeonsAndRaids 3.0.0 active Ulduar NORMAL_DIFF; 2026-10-08; sha256:545b52ea0e0e43d473182bd6281ad7e35d9807c9577311a76bd53ff91aeec02d
6,45704,normal,yes,AtlasLootMY_DungeonsAndRaids 3.0.0 active Ulduar NORMAL_DIFF; 2026-10-08; sha256:545b52ea0e0e43d473182bd6281ad7e35d9807c9577311a76bd53ff91aeec02d
6,270187,normal,yes,AtlasLootMY_DungeonsAndRaids 3.0.0 active Ulduar NORMAL_DIFF; 2026-10-08; sha256:545b52ea0e0e43d473182bd6281ad7e35d9807c9577311a76bd53ff91aeec02d
7,45315,normal,yes,AtlasLootMY_DungeonsAndRaids 3.0.0 active Ulduar NORMAL_DIFF; 2026-10-08; sha256:545b52ea0e0e43d473182bd6281ad7e35d9807c9577311a76bd53ff91aeec02d
7,45319,normal,yes,AtlasLootMY_DungeonsAndRaids 3.0.0 active Ulduar NORMAL_DIFF; 2026-10-08; sha256:545b52ea0e0e43d473182bd6281ad7e35d9807c9577311a76bd53ff91aeec02d
7,45320,normal,yes,AtlasLootMY_DungeonsAndRaids 3.0.0 active Ulduar NORMAL_DIFF; 2026-10-08; sha256:545b52ea0e0e43d473182bd6281ad7e35d9807c9577311a76bd53ff91aeec02d
7,45325,normal,yes,AtlasLootMY_DungeonsAndRaids 3.0.0 active Ulduar NORMAL_DIFF; 2026-10-08; sha256:545b52ea0e0e43d473182bd6281ad7e35d9807c9577311a76bd53ff91aeec02d
7,45326,normal,yes,AtlasLootMY_DungeonsAndRaids 3.0.0 active Ulduar NORMAL_DIFF; 2026-10-08; sha256:545b52ea0e0e43d473182bd6281ad7e35d9807c9577311a76bd53ff91aeec02d
7,45327,normal,yes,AtlasLootMY_DungeonsAndRaids 3.0.0 active Ulduar NORMAL_DIFF; 2026-10-08; sha256:545b52ea0e0e43d473182bd6281ad7e35d9807c9577311a76bd53ff91aeec02d
7,45334,normal,yes,AtlasLootMY_DungeonsAndRaids 3.0.0 active Ulduar NORMAL_DIFF; 2026-10-08; sha256:545b52ea0e0e43d473182bd6281ad7e35d9807c9577311a76bd53ff91aeec02d
7,45434,normal,yes,AtlasLootMY_DungeonsAndRaids 3.0.0 active Ulduar NORMAL_DIFF; 2026-10-08; sha256:545b52ea0e0e43d473182bd6281ad7e35d9807c9577311a76bd53ff91aeec02d
7,45435,normal,yes,AtlasLootMY_DungeonsAndRaids 3.0.0 active Ulduar NORMAL_DIFF; 2026-10-08; sha256:545b52ea0e0e43d473182bd6281ad7e35d9807c9577311a76bd53ff91aeec02d
7,45437,normal,yes,AtlasLootMY_DungeonsAndRaids 3.0.0 active Ulduar NORMAL_DIFF; 2026-10-08; sha256:545b52ea0e0e43d473182bd6281ad7e35d9807c9577311a76bd53ff91aeec02d
7,45438,normal,yes,AtlasLootMY_DungeonsAndRaids 3.0.0 active Ulduar NORMAL_DIFF; 2026-10-08; sha256:545b52ea0e0e43d473182bd6281ad7e35d9807c9577311a76bd53ff91aeec02d
7,45439,normal,yes,AtlasLootMY_DungeonsAndRaids 3.0.0 active Ulduar NORMAL_DIFF; 2026-10-08; sha256:545b52ea0e0e43d473182bd6281ad7e35d9807c9577311a76bd53ff91aeec02d
7,45440,normal,yes,AtlasLootMY_DungeonsAndRaids 3.0.0 active Ulduar NORMAL_DIFF; 2026-10-08; sha256:545b52ea0e0e43d473182bd6281ad7e35d9807c9577311a76bd53ff91aeec02d
7,45441,normal,yes,AtlasLootMY_DungeonsAndRaids 3.0.0 active Ulduar NORMAL_DIFF; 2026-10-08; sha256:545b52ea0e0e43d473182bd6281ad7e35d9807c9577311a76bd53ff91aeec02d
7,45707,normal,yes,AtlasLootMY_DungeonsAndRaids 3.0.0 active Ulduar NORMAL_DIFF; 2026-10-08; sha256:545b52ea0e0e43d473182bd6281ad7e35d9807c9577311a76bd53ff91aeec02d
7,45708,normal,yes,AtlasLootMY_DungeonsAndRaids 3.0.0 active Ulduar NORMAL_DIFF; 2026-10-08; sha256:545b52ea0e0e43d473182bd6281ad7e35d9807c9577311a76bd53ff91aeec02d
7,45709,normal,yes,AtlasLootMY_DungeonsAndRaids 3.0.0 active Ulduar NORMAL_DIFF; 2026-10-08; sha256:545b52ea0e0e43d473182bd6281ad7e35d9807c9577311a76bd53ff91aeec02d
7,45711,normal,yes,AtlasLootMY_DungeonsAndRaids 3.0.0 active Ulduar NORMAL_DIFF; 2026-10-08; sha256:545b52ea0e0e43d473182bd6281ad7e35d9807c9577311a76bd53ff91aeec02d
7,45712,normal,yes,AtlasLootMY_DungeonsAndRaids 3.0.0 active Ulduar NORMAL_DIFF; 2026-10-08; sha256:545b52ea0e0e43d473182bd6281ad7e35d9807c9577311a76bd53ff91aeec02d
7,45713,normal,yes,AtlasLootMY_DungeonsAndRaids 3.0.0 active Ulduar NORMAL_DIFF; 2026-10-08; sha256:545b52ea0e0e43d473182bd6281ad7e35d9807c9577311a76bd53ff91aeec02d
7,45832,normal,yes,AtlasLootMY_DungeonsAndRaids 3.0.0 active Ulduar NORMAL_DIFF; 2026-10-08; sha256:545b52ea0e0e43d473182bd6281ad7e35d9807c9577311a76bd53ff91aeec02d
7,45864,normal,yes,AtlasLootMY_DungeonsAndRaids 3.0.0 active Ulduar NORMAL_DIFF; 2026-10-08; sha256:545b52ea0e0e43d473182bd6281ad7e35d9807c9577311a76bd53ff91aeec02d
7,45865,normal,yes,AtlasLootMY_DungeonsAndRaids 3.0.0 active Ulduar NORMAL_DIFF; 2026-10-08; sha256:545b52ea0e0e43d473182bd6281ad7e35d9807c9577311a76bd53ff91aeec02d
7,45866,normal,yes,AtlasLootMY_DungeonsAndRaids 3.0.0 active Ulduar NORMAL_DIFF; 2026-10-08; sha256:545b52ea0e0e43d473182bd6281ad7e35d9807c9577311a76bd53ff91aeec02d
7,270187,normal,yes,AtlasLootMY_DungeonsAndRaids 3.0.0 active Ulduar NORMAL_DIFF; 2026-10-08; sha256:545b52ea0e0e43d473182bd6281ad7e35d9807c9577311a76bd53ff91aeec02d
8,45451,normal,yes,AtlasLootMY_DungeonsAndRaids 3.0.0 active Ulduar NORMAL_DIFF; 2026-10-08; sha256:545b52ea0e0e43d473182bd6281ad7e35d9807c9577311a76bd53ff91aeec02d
8,45452,normal,yes,AtlasLootMY_DungeonsAndRaids 3.0.0 active Ulduar NORMAL_DIFF; 2026-10-08; sha256:545b52ea0e0e43d473182bd6281ad7e35d9807c9577311a76bd53ff91aeec02d
8,45453,normal,yes,AtlasLootMY_DungeonsAndRaids 3.0.0 active Ulduar NORMAL_DIFF; 2026-10-08; sha256:545b52ea0e0e43d473182bd6281ad7e35d9807c9577311a76bd53ff91aeec02d
8,45454,normal,yes,AtlasLootMY_DungeonsAndRaids 3.0.0 active Ulduar NORMAL_DIFF; 2026-10-08; sha256:545b52ea0e0e43d473182bd6281ad7e35d9807c9577311a76bd53ff91aeec02d
8,45457,normal,yes,AtlasLootMY_DungeonsAndRaids 3.0.0 active Ulduar NORMAL_DIFF; 2026-10-08; sha256:545b52ea0e0e43d473182bd6281ad7e35d9807c9577311a76bd53ff91aeec02d
8,45458,normal,yes,AtlasLootMY_DungeonsAndRaids 3.0.0 active Ulduar NORMAL_DIFF; 2026-10-08; sha256:545b52ea0e0e43d473182bd6281ad7e35d9807c9577311a76bd53ff91aeec02d
8,45459,normal,yes,AtlasLootMY_DungeonsAndRaids 3.0.0 active Ulduar NORMAL_DIFF; 2026-10-08; sha256:545b52ea0e0e43d473182bd6281ad7e35d9807c9577311a76bd53ff91aeec02d
8,45460,normal,yes,AtlasLootMY_DungeonsAndRaids 3.0.0 active Ulduar NORMAL_DIFF; 2026-10-08; sha256:545b52ea0e0e43d473182bd6281ad7e35d9807c9577311a76bd53ff91aeec02d
8,45461,normal,yes,AtlasLootMY_DungeonsAndRaids 3.0.0 active Ulduar NORMAL_DIFF; 2026-10-08; sha256:545b52ea0e0e43d473182bd6281ad7e35d9807c9577311a76bd53ff91aeec02d
8,45462,normal,yes,AtlasLootMY_DungeonsAndRaids 3.0.0 active Ulduar NORMAL_DIFF; 2026-10-08; sha256:545b52ea0e0e43d473182bd6281ad7e35d9807c9577311a76bd53ff91aeec02d
8,45464,normal,yes,AtlasLootMY_DungeonsAndRaids 3.0.0 active Ulduar NORMAL_DIFF; 2026-10-08; sha256:545b52ea0e0e43d473182bd6281ad7e35d9807c9577311a76bd53ff91aeec02d
8,45612,normal,yes,AtlasLootMY_DungeonsAndRaids 3.0.0 active Ulduar NORMAL_DIFF; 2026-10-08; sha256:545b52ea0e0e43d473182bd6281ad7e35d9807c9577311a76bd53ff91aeec02d
8,45632,normal,yes,AtlasLootMY_DungeonsAndRaids 3.0.0 active Ulduar NORMAL_DIFF; 2026-10-08; sha256:545b52ea0e0e43d473182bd6281ad7e35d9807c9577311a76bd53ff91aeec02d
8,45633,normal,yes,AtlasLootMY_DungeonsAndRaids 3.0.0 active Ulduar NORMAL_DIFF; 2026-10-08; sha256:545b52ea0e0e43d473182bd6281ad7e35d9807c9577311a76bd53ff91aeec02d
8,45634,normal,yes,AtlasLootMY_DungeonsAndRaids 3.0.0 active Ulduar NORMAL_DIFF; 2026-10-08; sha256:545b52ea0e0e43d473182bd6281ad7e35d9807c9577311a76bd53ff91aeec02d
8,45786,normal,yes,AtlasLootMY_DungeonsAndRaids 3.0.0 active Ulduar NORMAL_DIFF; 2026-10-08; sha256:545b52ea0e0e43d473182bd6281ad7e35d9807c9577311a76bd53ff91aeec02d
8,45872,normal,yes,AtlasLootMY_DungeonsAndRaids 3.0.0 active Ulduar NORMAL_DIFF; 2026-10-08; sha256:545b52ea0e0e43d473182bd6281ad7e35d9807c9577311a76bd53ff91aeec02d
8,45873,normal,yes,AtlasLootMY_DungeonsAndRaids 3.0.0 active Ulduar NORMAL_DIFF; 2026-10-08; sha256:545b52ea0e0e43d473182bd6281ad7e35d9807c9577311a76bd53ff91aeec02d
8,45874,normal,yes,AtlasLootMY_DungeonsAndRaids 3.0.0 active Ulduar NORMAL_DIFF; 2026-10-08; sha256:545b52ea0e0e43d473182bd6281ad7e35d9807c9577311a76bd53ff91aeec02d
8,45876,normal,yes,AtlasLootMY_DungeonsAndRaids 3.0.0 active Ulduar NORMAL_DIFF; 2026-10-08; sha256:545b52ea0e0e43d473182bd6281ad7e35d9807c9577311a76bd53ff91aeec02d
8,45877,normal,yes,AtlasLootMY_DungeonsAndRaids 3.0.0 active Ulduar NORMAL_DIFF; 2026-10-08; sha256:545b52ea0e0e43d473182bd6281ad7e35d9807c9577311a76bd53ff91aeec02d
8,45887,normal,yes,AtlasLootMY_DungeonsAndRaids 3.0.0 active Ulduar NORMAL_DIFF; 2026-10-08; sha256:545b52ea0e0e43d473182bd6281ad7e35d9807c9577311a76bd53ff91aeec02d
8,45888,normal,yes,AtlasLootMY_DungeonsAndRaids 3.0.0 active Ulduar NORMAL_DIFF; 2026-10-08; sha256:545b52ea0e0e43d473182bd6281ad7e35d9807c9577311a76bd53ff91aeec02d
8,270187,normal,yes,AtlasLootMY_DungeonsAndRaids 3.0.0 active Ulduar NORMAL_DIFF; 2026-10-08; sha256:545b52ea0e0e43d473182bd6281ad7e35d9807c9577311a76bd53ff91aeec02d
9,45463,normal,yes,AtlasLootMY_DungeonsAndRaids 3.0.0 active Ulduar NORMAL_DIFF; 2026-10-08; sha256:545b52ea0e0e43d473182bd6281ad7e35d9807c9577311a76bd53ff91aeec02d
9,45466,normal,yes,AtlasLootMY_DungeonsAndRaids 3.0.0 active Ulduar NORMAL_DIFF; 2026-10-08; sha256:545b52ea0e0e43d473182bd6281ad7e35d9807c9577311a76bd53ff91aeec02d
9,45467,normal,yes,AtlasLootMY_DungeonsAndRaids 3.0.0 active Ulduar NORMAL_DIFF; 2026-10-08; sha256:545b52ea0e0e43d473182bd6281ad7e35d9807c9577311a76bd53ff91aeec02d
9,45468,normal,yes,AtlasLootMY_DungeonsAndRaids 3.0.0 active Ulduar NORMAL_DIFF; 2026-10-08; sha256:545b52ea0e0e43d473182bd6281ad7e35d9807c9577311a76bd53ff91aeec02d
9,45469,normal,yes,AtlasLootMY_DungeonsAndRaids 3.0.0 active Ulduar NORMAL_DIFF; 2026-10-08; sha256:545b52ea0e0e43d473182bd6281ad7e35d9807c9577311a76bd53ff91aeec02d
9,45470,normal,yes,AtlasLootMY_DungeonsAndRaids 3.0.0 active Ulduar NORMAL_DIFF; 2026-10-08; sha256:545b52ea0e0e43d473182bd6281ad7e35d9807c9577311a76bd53ff91aeec02d
9,45471,normal,yes,AtlasLootMY_DungeonsAndRaids 3.0.0 active Ulduar NORMAL_DIFF; 2026-10-08; sha256:545b52ea0e0e43d473182bd6281ad7e35d9807c9577311a76bd53ff91aeec02d
9,45472,normal,yes,AtlasLootMY_DungeonsAndRaids 3.0.0 active Ulduar NORMAL_DIFF; 2026-10-08; sha256:545b52ea0e0e43d473182bd6281ad7e35d9807c9577311a76bd53ff91aeec02d
9,45473,normal,yes,AtlasLootMY_DungeonsAndRaids 3.0.0 active Ulduar NORMAL_DIFF; 2026-10-08; sha256:545b52ea0e0e43d473182bd6281ad7e35d9807c9577311a76bd53ff91aeec02d
9,45474,normal,yes,AtlasLootMY_DungeonsAndRaids 3.0.0 active Ulduar NORMAL_DIFF; 2026-10-08; sha256:545b52ea0e0e43d473182bd6281ad7e35d9807c9577311a76bd53ff91aeec02d
9,45570,normal,yes,AtlasLootMY_DungeonsAndRaids 3.0.0 active Ulduar NORMAL_DIFF; 2026-10-08; sha256:545b52ea0e0e43d473182bd6281ad7e35d9807c9577311a76bd53ff91aeec02d
9,45638,normal,yes,AtlasLootMY_DungeonsAndRaids 3.0.0 active Ulduar NORMAL_DIFF; 2026-10-08; sha256:545b52ea0e0e43d473182bd6281ad7e35d9807c9577311a76bd53ff91aeec02d
9,45639,normal,yes,AtlasLootMY_DungeonsAndRaids 3.0.0 active Ulduar NORMAL_DIFF; 2026-10-08; sha256:545b52ea0e0e43d473182bd6281ad7e35d9807c9577311a76bd53ff91aeec02d
9,45640,normal,yes,AtlasLootMY_DungeonsAndRaids 3.0.0 active Ulduar NORMAL_DIFF; 2026-10-08; sha256:545b52ea0e0e43d473182bd6281ad7e35d9807c9577311a76bd53ff91aeec02d
9,45817,normal,yes,AtlasLootMY_DungeonsAndRaids 3.0.0 active Ulduar NORMAL_DIFF; 2026-10-08; sha256:545b52ea0e0e43d473182bd6281ad7e35d9807c9577311a76bd53ff91aeec02d
9,45892,normal,yes,AtlasLootMY_DungeonsAndRaids 3.0.0 active Ulduar NORMAL_DIFF; 2026-10-08; sha256:545b52ea0e0e43d473182bd6281ad7e35d9807c9577311a76bd53ff91aeec02d
9,45893,normal,yes,AtlasLootMY_DungeonsAndRaids 3.0.0 active Ulduar NORMAL_DIFF; 2026-10-08; sha256:545b52ea0e0e43d473182bd6281ad7e35d9807c9577311a76bd53ff91aeec02d
9,45894,normal,yes,AtlasLootMY_DungeonsAndRaids 3.0.0 active Ulduar NORMAL_DIFF; 2026-10-08; sha256:545b52ea0e0e43d473182bd6281ad7e35d9807c9577311a76bd53ff91aeec02d
9,45928,normal,yes,AtlasLootMY_DungeonsAndRaids 3.0.0 active Ulduar NORMAL_DIFF; 2026-10-08; sha256:545b52ea0e0e43d473182bd6281ad7e35d9807c9577311a76bd53ff91aeec02d
9,45929,normal,yes,AtlasLootMY_DungeonsAndRaids 3.0.0 active Ulduar NORMAL_DIFF; 2026-10-08; sha256:545b52ea0e0e43d473182bd6281ad7e35d9807c9577311a76bd53ff91aeec02d
9,45930,normal,yes,AtlasLootMY_DungeonsAndRaids 3.0.0 active Ulduar NORMAL_DIFF; 2026-10-08; sha256:545b52ea0e0e43d473182bd6281ad7e35d9807c9577311a76bd53ff91aeec02d
9,45931,normal,yes,AtlasLootMY_DungeonsAndRaids 3.0.0 active Ulduar NORMAL_DIFF; 2026-10-08; sha256:545b52ea0e0e43d473182bd6281ad7e35d9807c9577311a76bd53ff91aeec02d
9,45933,normal,yes,AtlasLootMY_DungeonsAndRaids 3.0.0 active Ulduar NORMAL_DIFF; 2026-10-08; sha256:545b52ea0e0e43d473182bd6281ad7e35d9807c9577311a76bd53ff91aeec02d
9,270156,normal,yes,AtlasLootMY_DungeonsAndRaids 3.0.0 active Ulduar NORMAL_DIFF; 2026-10-08; sha256:545b52ea0e0e43d473182bd6281ad7e35d9807c9577311a76bd53ff91aeec02d
9,270187,normal,yes,AtlasLootMY_DungeonsAndRaids 3.0.0 active Ulduar NORMAL_DIFF; 2026-10-08; sha256:545b52ea0e0e43d473182bd6281ad7e35d9807c9577311a76bd53ff91aeec02d
10,45294,normal,yes,AtlasLootMY_DungeonsAndRaids 3.0.0 active Ulduar NORMAL_DIFF; 2026-10-08; sha256:545b52ea0e0e43d473182bd6281ad7e35d9807c9577311a76bd53ff91aeec02d
10,45479,normal,yes,AtlasLootMY_DungeonsAndRaids 3.0.0 active Ulduar NORMAL_DIFF; 2026-10-08; sha256:545b52ea0e0e43d473182bd6281ad7e35d9807c9577311a76bd53ff91aeec02d
10,45481,normal,yes,AtlasLootMY_DungeonsAndRaids 3.0.0 active Ulduar NORMAL_DIFF; 2026-10-08; sha256:545b52ea0e0e43d473182bd6281ad7e35d9807c9577311a76bd53ff91aeec02d
10,45482,normal,yes,AtlasLootMY_DungeonsAndRaids 3.0.0 active Ulduar NORMAL_DIFF; 2026-10-08; sha256:545b52ea0e0e43d473182bd6281ad7e35d9807c9577311a76bd53ff91aeec02d
10,45483,normal,yes,AtlasLootMY_DungeonsAndRaids 3.0.0 active Ulduar NORMAL_DIFF; 2026-10-08; sha256:545b52ea0e0e43d473182bd6281ad7e35d9807c9577311a76bd53ff91aeec02d
10,45484,normal,yes,AtlasLootMY_DungeonsAndRaids 3.0.0 active Ulduar NORMAL_DIFF; 2026-10-08; sha256:545b52ea0e0e43d473182bd6281ad7e35d9807c9577311a76bd53ff91aeec02d
10,45485,normal,yes,AtlasLootMY_DungeonsAndRaids 3.0.0 active Ulduar NORMAL_DIFF; 2026-10-08; sha256:545b52ea0e0e43d473182bd6281ad7e35d9807c9577311a76bd53ff91aeec02d
10,45486,normal,yes,AtlasLootMY_DungeonsAndRaids 3.0.0 active Ulduar NORMAL_DIFF; 2026-10-08; sha256:545b52ea0e0e43d473182bd6281ad7e35d9807c9577311a76bd53ff91aeec02d
10,45487,normal,yes,AtlasLootMY_DungeonsAndRaids 3.0.0 active Ulduar NORMAL_DIFF; 2026-10-08; sha256:545b52ea0e0e43d473182bd6281ad7e35d9807c9577311a76bd53ff91aeec02d
10,45488,normal,yes,AtlasLootMY_DungeonsAndRaids 3.0.0 active Ulduar NORMAL_DIFF; 2026-10-08; sha256:545b52ea0e0e43d473182bd6281ad7e35d9807c9577311a76bd53ff91aeec02d
10,45613,normal,yes,AtlasLootMY_DungeonsAndRaids 3.0.0 active Ulduar NORMAL_DIFF; 2026-10-08; sha256:545b52ea0e0e43d473182bd6281ad7e35d9807c9577311a76bd53ff91aeec02d
10,45653,normal,yes,AtlasLootMY_DungeonsAndRaids 3.0.0 active Ulduar NORMAL_DIFF; 2026-10-08; sha256:545b52ea0e0e43d473182bd6281ad7e35d9807c9577311a76bd53ff91aeec02d
10,45654,normal,yes,AtlasLootMY_DungeonsAndRaids 3.0.0 active Ulduar NORMAL_DIFF; 2026-10-08; sha256:545b52ea0e0e43d473182bd6281ad7e35d9807c9577311a76bd53ff91aeec02d
10,45655,normal,yes,AtlasLootMY_DungeonsAndRaids 3.0.0 active Ulduar NORMAL_DIFF; 2026-10-08; sha256:545b52ea0e0e43d473182bd6281ad7e35d9807c9577311a76bd53ff91aeec02d
10,45788,normal,yes,AtlasLootMY_DungeonsAndRaids 3.0.0 active Ulduar NORMAL_DIFF; 2026-10-08; sha256:545b52ea0e0e43d473182bd6281ad7e35d9807c9577311a76bd53ff91aeec02d
10,45934,normal,yes,AtlasLootMY_DungeonsAndRaids 3.0.0 active Ulduar NORMAL_DIFF; 2026-10-08; sha256:545b52ea0e0e43d473182bd6281ad7e35d9807c9577311a76bd53ff91aeec02d
10,45935,normal,yes,AtlasLootMY_DungeonsAndRaids 3.0.0 active Ulduar NORMAL_DIFF; 2026-10-08; sha256:545b52ea0e0e43d473182bd6281ad7e35d9807c9577311a76bd53ff91aeec02d
10,45940,normal,yes,AtlasLootMY_DungeonsAndRaids 3.0.0 active Ulduar NORMAL_DIFF; 2026-10-08; sha256:545b52ea0e0e43d473182bd6281ad7e35d9807c9577311a76bd53ff91aeec02d
10,45941,normal,yes,AtlasLootMY_DungeonsAndRaids 3.0.0 active Ulduar NORMAL_DIFF; 2026-10-08; sha256:545b52ea0e0e43d473182bd6281ad7e35d9807c9577311a76bd53ff91aeec02d
10,45943,normal,yes,AtlasLootMY_DungeonsAndRaids 3.0.0 active Ulduar NORMAL_DIFF; 2026-10-08; sha256:545b52ea0e0e43d473182bd6281ad7e35d9807c9577311a76bd53ff91aeec02d
10,45945,normal,yes,AtlasLootMY_DungeonsAndRaids 3.0.0 active Ulduar NORMAL_DIFF; 2026-10-08; sha256:545b52ea0e0e43d473182bd6281ad7e35d9807c9577311a76bd53ff91aeec02d
10,45946,normal,yes,AtlasLootMY_DungeonsAndRaids 3.0.0 active Ulduar NORMAL_DIFF; 2026-10-08; sha256:545b52ea0e0e43d473182bd6281ad7e35d9807c9577311a76bd53ff91aeec02d
10,45947,normal,yes,AtlasLootMY_DungeonsAndRaids 3.0.0 active Ulduar NORMAL_DIFF; 2026-10-08; sha256:545b52ea0e0e43d473182bd6281ad7e35d9807c9577311a76bd53ff91aeec02d
10,46110,normal,yes,AtlasLootMY_DungeonsAndRaids 3.0.0 active Ulduar NORMAL_DIFF; 2026-10-08; sha256:545b52ea0e0e43d473182bd6281ad7e35d9807c9577311a76bd53ff91aeec02d
10,270187,normal,yes,AtlasLootMY_DungeonsAndRaids 3.0.0 active Ulduar NORMAL_DIFF; 2026-10-08; sha256:545b52ea0e0e43d473182bd6281ad7e35d9807c9577311a76bd53ff91aeec02d
11,45490,normal,yes,AtlasLootMY_DungeonsAndRaids 3.0.0 active Ulduar NORMAL_DIFF; 2026-10-08; sha256:545b52ea0e0e43d473182bd6281ad7e35d9807c9577311a76bd53ff91aeec02d
11,45491,normal,yes,AtlasLootMY_DungeonsAndRaids 3.0.0 active Ulduar NORMAL_DIFF; 2026-10-08; sha256:545b52ea0e0e43d473182bd6281ad7e35d9807c9577311a76bd53ff91aeec02d
11,45492,normal,yes,AtlasLootMY_DungeonsAndRaids 3.0.0 active Ulduar NORMAL_DIFF; 2026-10-08; sha256:545b52ea0e0e43d473182bd6281ad7e35d9807c9577311a76bd53ff91aeec02d
11,45493,normal,yes,AtlasLootMY_DungeonsAndRaids 3.0.0 active Ulduar NORMAL_DIFF; 2026-10-08; sha256:545b52ea0e0e43d473182bd6281ad7e35d9807c9577311a76bd53ff91aeec02d
11,45494,normal,yes,AtlasLootMY_DungeonsAndRaids 3.0.0 active Ulduar NORMAL_DIFF; 2026-10-08; sha256:545b52ea0e0e43d473182bd6281ad7e35d9807c9577311a76bd53ff91aeec02d
11,45495,normal,yes,AtlasLootMY_DungeonsAndRaids 3.0.0 active Ulduar NORMAL_DIFF; 2026-10-08; sha256:545b52ea0e0e43d473182bd6281ad7e35d9807c9577311a76bd53ff91aeec02d
11,45496,normal,yes,AtlasLootMY_DungeonsAndRaids 3.0.0 active Ulduar NORMAL_DIFF; 2026-10-08; sha256:545b52ea0e0e43d473182bd6281ad7e35d9807c9577311a76bd53ff91aeec02d
11,45497,normal,yes,AtlasLootMY_DungeonsAndRaids 3.0.0 active Ulduar NORMAL_DIFF; 2026-10-08; sha256:545b52ea0e0e43d473182bd6281ad7e35d9807c9577311a76bd53ff91aeec02d
11,45620,normal,yes,AtlasLootMY_DungeonsAndRaids 3.0.0 active Ulduar NORMAL_DIFF; 2026-10-08; sha256:545b52ea0e0e43d473182bd6281ad7e35d9807c9577311a76bd53ff91aeec02d
11,45641,normal,yes,AtlasLootMY_DungeonsAndRaids 3.0.0 active Ulduar NORMAL_DIFF; 2026-10-08; sha256:545b52ea0e0e43d473182bd6281ad7e35d9807c9577311a76bd53ff91aeec02d
11,45642,normal,yes,AtlasLootMY_DungeonsAndRaids 3.0.0 active Ulduar NORMAL_DIFF; 2026-10-08; sha256:545b52ea0e0e43d473182bd6281ad7e35d9807c9577311a76bd53ff91aeec02d
11,45643,normal,yes,AtlasLootMY_DungeonsAndRaids 3.0.0 active Ulduar NORMAL_DIFF; 2026-10-08; sha256:545b52ea0e0e43d473182bd6281ad7e35d9807c9577311a76bd53ff91aeec02d
11,45663,normal,yes,AtlasLootMY_DungeonsAndRaids 3.0.0 active Ulduar NORMAL_DIFF; 2026-10-08; sha256:545b52ea0e0e43d473182bd6281ad7e35d9807c9577311a76bd53ff91aeec02d
11,45787,normal,yes,AtlasLootMY_DungeonsAndRaids 3.0.0 active Ulduar NORMAL_DIFF; 2026-10-08; sha256:545b52ea0e0e43d473182bd6281ad7e35d9807c9577311a76bd53ff91aeec02d
11,45972,normal,yes,AtlasLootMY_DungeonsAndRaids 3.0.0 active Ulduar NORMAL_DIFF; 2026-10-08; sha256:545b52ea0e0e43d473182bd6281ad7e35d9807c9577311a76bd53ff91aeec02d
11,45973,normal,yes,AtlasLootMY_DungeonsAndRaids 3.0.0 active Ulduar NORMAL_DIFF; 2026-10-08; sha256:545b52ea0e0e43d473182bd6281ad7e35d9807c9577311a76bd53ff91aeec02d
11,45975,normal,yes,AtlasLootMY_DungeonsAndRaids 3.0.0 active Ulduar NORMAL_DIFF; 2026-10-08; sha256:545b52ea0e0e43d473182bd6281ad7e35d9807c9577311a76bd53ff91aeec02d
11,45976,normal,yes,AtlasLootMY_DungeonsAndRaids 3.0.0 active Ulduar NORMAL_DIFF; 2026-10-08; sha256:545b52ea0e0e43d473182bd6281ad7e35d9807c9577311a76bd53ff91aeec02d
11,45982,normal,yes,AtlasLootMY_DungeonsAndRaids 3.0.0 active Ulduar NORMAL_DIFF; 2026-10-08; sha256:545b52ea0e0e43d473182bd6281ad7e35d9807c9577311a76bd53ff91aeec02d
11,45988,normal,yes,AtlasLootMY_DungeonsAndRaids 3.0.0 active Ulduar NORMAL_DIFF; 2026-10-08; sha256:545b52ea0e0e43d473182bd6281ad7e35d9807c9577311a76bd53ff91aeec02d
11,45989,normal,yes,AtlasLootMY_DungeonsAndRaids 3.0.0 active Ulduar NORMAL_DIFF; 2026-10-08; sha256:545b52ea0e0e43d473182bd6281ad7e35d9807c9577311a76bd53ff91aeec02d
11,45990,normal,yes,AtlasLootMY_DungeonsAndRaids 3.0.0 active Ulduar NORMAL_DIFF; 2026-10-08; sha256:545b52ea0e0e43d473182bd6281ad7e35d9807c9577311a76bd53ff91aeec02d
11,45993,normal,yes,AtlasLootMY_DungeonsAndRaids 3.0.0 active Ulduar NORMAL_DIFF; 2026-10-08; sha256:545b52ea0e0e43d473182bd6281ad7e35d9807c9577311a76bd53ff91aeec02d
11,270149,normal,yes,AtlasLootMY_DungeonsAndRaids 3.0.0 active Ulduar NORMAL_DIFF; 2026-10-08; sha256:545b52ea0e0e43d473182bd6281ad7e35d9807c9577311a76bd53ff91aeec02d
11,270187,normal,yes,AtlasLootMY_DungeonsAndRaids 3.0.0 active Ulduar NORMAL_DIFF; 2026-10-08; sha256:545b52ea0e0e43d473182bd6281ad7e35d9807c9577311a76bd53ff91aeec02d
12,45498,normal,yes,AtlasLootMY_DungeonsAndRaids 3.0.0 active Ulduar NORMAL_DIFF; 2026-10-08; sha256:545b52ea0e0e43d473182bd6281ad7e35d9807c9577311a76bd53ff91aeec02d
12,45501,normal,yes,AtlasLootMY_DungeonsAndRaids 3.0.0 active Ulduar NORMAL_DIFF; 2026-10-08; sha256:545b52ea0e0e43d473182bd6281ad7e35d9807c9577311a76bd53ff91aeec02d
12,45502,normal,yes,AtlasLootMY_DungeonsAndRaids 3.0.0 active Ulduar NORMAL_DIFF; 2026-10-08; sha256:545b52ea0e0e43d473182bd6281ad7e35d9807c9577311a76bd53ff91aeec02d
12,45503,normal,yes,AtlasLootMY_DungeonsAndRaids 3.0.0 active Ulduar NORMAL_DIFF; 2026-10-08; sha256:545b52ea0e0e43d473182bd6281ad7e35d9807c9577311a76bd53ff91aeec02d
12,45504,normal,yes,AtlasLootMY_DungeonsAndRaids 3.0.0 active Ulduar NORMAL_DIFF; 2026-10-08; sha256:545b52ea0e0e43d473182bd6281ad7e35d9807c9577311a76bd53ff91aeec02d
12,45505,normal,yes,AtlasLootMY_DungeonsAndRaids 3.0.0 active Ulduar NORMAL_DIFF; 2026-10-08; sha256:545b52ea0e0e43d473182bd6281ad7e35d9807c9577311a76bd53ff91aeec02d
12,45507,normal,yes,AtlasLootMY_DungeonsAndRaids 3.0.0 active Ulduar NORMAL_DIFF; 2026-10-08; sha256:545b52ea0e0e43d473182bd6281ad7e35d9807c9577311a76bd53ff91aeec02d
12,45508,normal,yes,AtlasLootMY_DungeonsAndRaids 3.0.0 active Ulduar NORMAL_DIFF; 2026-10-08; sha256:545b52ea0e0e43d473182bd6281ad7e35d9807c9577311a76bd53ff91aeec02d
12,45511,normal,yes,AtlasLootMY_DungeonsAndRaids 3.0.0 active Ulduar NORMAL_DIFF; 2026-10-08; sha256:545b52ea0e0e43d473182bd6281ad7e35d9807c9577311a76bd53ff91aeec02d
12,45512,normal,yes,AtlasLootMY_DungeonsAndRaids 3.0.0 active Ulduar NORMAL_DIFF; 2026-10-08; sha256:545b52ea0e0e43d473182bd6281ad7e35d9807c9577311a76bd53ff91aeec02d
12,45513,normal,yes,AtlasLootMY_DungeonsAndRaids 3.0.0 active Ulduar NORMAL_DIFF; 2026-10-08; sha256:545b52ea0e0e43d473182bd6281ad7e35d9807c9577311a76bd53ff91aeec02d
12,45514,normal,yes,AtlasLootMY_DungeonsAndRaids 3.0.0 active Ulduar NORMAL_DIFF; 2026-10-08; sha256:545b52ea0e0e43d473182bd6281ad7e35d9807c9577311a76bd53ff91aeec02d
12,45515,normal,yes,AtlasLootMY_DungeonsAndRaids 3.0.0 active Ulduar NORMAL_DIFF; 2026-10-08; sha256:545b52ea0e0e43d473182bd6281ad7e35d9807c9577311a76bd53ff91aeec02d
12,45516,normal,yes,AtlasLootMY_DungeonsAndRaids 3.0.0 active Ulduar NORMAL_DIFF; 2026-10-08; sha256:545b52ea0e0e43d473182bd6281ad7e35d9807c9577311a76bd53ff91aeec02d
12,45517,normal,yes,AtlasLootMY_DungeonsAndRaids 3.0.0 active Ulduar NORMAL_DIFF; 2026-10-08; sha256:545b52ea0e0e43d473182bd6281ad7e35d9807c9577311a76bd53ff91aeec02d
12,45518,normal,yes,AtlasLootMY_DungeonsAndRaids 3.0.0 active Ulduar NORMAL_DIFF; 2026-10-08; sha256:545b52ea0e0e43d473182bd6281ad7e35d9807c9577311a76bd53ff91aeec02d
12,45519,normal,yes,AtlasLootMY_DungeonsAndRaids 3.0.0 active Ulduar NORMAL_DIFF; 2026-10-08; sha256:545b52ea0e0e43d473182bd6281ad7e35d9807c9577311a76bd53ff91aeec02d
12,45520,normal,yes,AtlasLootMY_DungeonsAndRaids 3.0.0 active Ulduar NORMAL_DIFF; 2026-10-08; sha256:545b52ea0e0e43d473182bd6281ad7e35d9807c9577311a76bd53ff91aeec02d
12,45996,normal,yes,AtlasLootMY_DungeonsAndRaids 3.0.0 active Ulduar NORMAL_DIFF; 2026-10-08; sha256:545b52ea0e0e43d473182bd6281ad7e35d9807c9577311a76bd53ff91aeec02d
12,45997,normal,yes,AtlasLootMY_DungeonsAndRaids 3.0.0 active Ulduar NORMAL_DIFF; 2026-10-08; sha256:545b52ea0e0e43d473182bd6281ad7e35d9807c9577311a76bd53ff91aeec02d
12,46008,normal,yes,AtlasLootMY_DungeonsAndRaids 3.0.0 active Ulduar NORMAL_DIFF; 2026-10-08; sha256:545b52ea0e0e43d473182bd6281ad7e35d9807c9577311a76bd53ff91aeec02d
12,46009,normal,yes,AtlasLootMY_DungeonsAndRaids 3.0.0 active Ulduar NORMAL_DIFF; 2026-10-08; sha256:545b52ea0e0e43d473182bd6281ad7e35d9807c9577311a76bd53ff91aeec02d
12,46010,normal,yes,AtlasLootMY_DungeonsAndRaids 3.0.0 active Ulduar NORMAL_DIFF; 2026-10-08; sha256:545b52ea0e0e43d473182bd6281ad7e35d9807c9577311a76bd53ff91aeec02d
12,46011,normal,yes,AtlasLootMY_DungeonsAndRaids 3.0.0 active Ulduar NORMAL_DIFF; 2026-10-08; sha256:545b52ea0e0e43d473182bd6281ad7e35d9807c9577311a76bd53ff91aeec02d
12,46012,normal,yes,AtlasLootMY_DungeonsAndRaids 3.0.0 active Ulduar NORMAL_DIFF; 2026-10-08; sha256:545b52ea0e0e43d473182bd6281ad7e35d9807c9577311a76bd53ff91aeec02d
12,46013,normal,yes,AtlasLootMY_DungeonsAndRaids 3.0.0 active Ulduar NORMAL_DIFF; 2026-10-08; sha256:545b52ea0e0e43d473182bd6281ad7e35d9807c9577311a76bd53ff91aeec02d
12,46014,normal,yes,AtlasLootMY_DungeonsAndRaids 3.0.0 active Ulduar NORMAL_DIFF; 2026-10-08; sha256:545b52ea0e0e43d473182bd6281ad7e35d9807c9577311a76bd53ff91aeec02d
12,46015,normal,yes,AtlasLootMY_DungeonsAndRaids 3.0.0 active Ulduar NORMAL_DIFF; 2026-10-08; sha256:545b52ea0e0e43d473182bd6281ad7e35d9807c9577311a76bd53ff91aeec02d
12,46032,normal,yes,AtlasLootMY_DungeonsAndRaids 3.0.0 active Ulduar NORMAL_DIFF; 2026-10-08; sha256:545b52ea0e0e43d473182bd6281ad7e35d9807c9577311a76bd53ff91aeec02d
12,46033,normal,yes,AtlasLootMY_DungeonsAndRaids 3.0.0 active Ulduar NORMAL_DIFF; 2026-10-08; sha256:545b52ea0e0e43d473182bd6281ad7e35d9807c9577311a76bd53ff91aeec02d
12,46034,normal,yes,AtlasLootMY_DungeonsAndRaids 3.0.0 active Ulduar NORMAL_DIFF; 2026-10-08; sha256:545b52ea0e0e43d473182bd6281ad7e35d9807c9577311a76bd53ff91aeec02d
12,46035,normal,yes,AtlasLootMY_DungeonsAndRaids 3.0.0 active Ulduar NORMAL_DIFF; 2026-10-08; sha256:545b52ea0e0e43d473182bd6281ad7e35d9807c9577311a76bd53ff91aeec02d
12,46036,normal,yes,AtlasLootMY_DungeonsAndRaids 3.0.0 active Ulduar NORMAL_DIFF; 2026-10-08; sha256:545b52ea0e0e43d473182bd6281ad7e35d9807c9577311a76bd53ff91aeec02d
12,270150,normal,yes,AtlasLootMY_DungeonsAndRaids 3.0.0 active Ulduar NORMAL_DIFF; 2026-10-08; sha256:545b52ea0e0e43d473182bd6281ad7e35d9807c9577311a76bd53ff91aeec02d
12,270187,normal,yes,AtlasLootMY_DungeonsAndRaids 3.0.0 active Ulduar NORMAL_DIFF; 2026-10-08; sha256:545b52ea0e0e43d473182bd6281ad7e35d9807c9577311a76bd53ff91aeec02d
13,45522,normal,yes,AtlasLootMY_DungeonsAndRaids 3.0.0 active Ulduar NORMAL_DIFF; 2026-10-08; sha256:545b52ea0e0e43d473182bd6281ad7e35d9807c9577311a76bd53ff91aeec02d
13,45523,normal,yes,AtlasLootMY_DungeonsAndRaids 3.0.0 active Ulduar NORMAL_DIFF; 2026-10-08; sha256:545b52ea0e0e43d473182bd6281ad7e35d9807c9577311a76bd53ff91aeec02d
13,45524,normal,yes,AtlasLootMY_DungeonsAndRaids 3.0.0 active Ulduar NORMAL_DIFF; 2026-10-08; sha256:545b52ea0e0e43d473182bd6281ad7e35d9807c9577311a76bd53ff91aeec02d
13,45525,normal,yes,AtlasLootMY_DungeonsAndRaids 3.0.0 active Ulduar NORMAL_DIFF; 2026-10-08; sha256:545b52ea0e0e43d473182bd6281ad7e35d9807c9577311a76bd53ff91aeec02d
13,45527,normal,yes,AtlasLootMY_DungeonsAndRaids 3.0.0 active Ulduar NORMAL_DIFF; 2026-10-08; sha256:545b52ea0e0e43d473182bd6281ad7e35d9807c9577311a76bd53ff91aeec02d
13,45529,normal,yes,AtlasLootMY_DungeonsAndRaids 3.0.0 active Ulduar NORMAL_DIFF; 2026-10-08; sha256:545b52ea0e0e43d473182bd6281ad7e35d9807c9577311a76bd53ff91aeec02d
13,45530,normal,yes,AtlasLootMY_DungeonsAndRaids 3.0.0 active Ulduar NORMAL_DIFF; 2026-10-08; sha256:545b52ea0e0e43d473182bd6281ad7e35d9807c9577311a76bd53ff91aeec02d
13,45531,normal,yes,AtlasLootMY_DungeonsAndRaids 3.0.0 active Ulduar NORMAL_DIFF; 2026-10-08; sha256:545b52ea0e0e43d473182bd6281ad7e35d9807c9577311a76bd53ff91aeec02d
13,45532,normal,yes,AtlasLootMY_DungeonsAndRaids 3.0.0 active Ulduar NORMAL_DIFF; 2026-10-08; sha256:545b52ea0e0e43d473182bd6281ad7e35d9807c9577311a76bd53ff91aeec02d
13,45533,normal,yes,AtlasLootMY_DungeonsAndRaids 3.0.0 active Ulduar NORMAL_DIFF; 2026-10-08; sha256:545b52ea0e0e43d473182bd6281ad7e35d9807c9577311a76bd53ff91aeec02d
13,45534,normal,yes,AtlasLootMY_DungeonsAndRaids 3.0.0 active Ulduar NORMAL_DIFF; 2026-10-08; sha256:545b52ea0e0e43d473182bd6281ad7e35d9807c9577311a76bd53ff91aeec02d
13,45535,normal,yes,AtlasLootMY_DungeonsAndRaids 3.0.0 active Ulduar NORMAL_DIFF; 2026-10-08; sha256:545b52ea0e0e43d473182bd6281ad7e35d9807c9577311a76bd53ff91aeec02d
13,45536,normal,yes,AtlasLootMY_DungeonsAndRaids 3.0.0 active Ulduar NORMAL_DIFF; 2026-10-08; sha256:545b52ea0e0e43d473182bd6281ad7e35d9807c9577311a76bd53ff91aeec02d
13,45537,normal,yes,AtlasLootMY_DungeonsAndRaids 3.0.0 active Ulduar NORMAL_DIFF; 2026-10-08; sha256:545b52ea0e0e43d473182bd6281ad7e35d9807c9577311a76bd53ff91aeec02d
13,45656,normal,yes,AtlasLootMY_DungeonsAndRaids 3.0.0 active Ulduar NORMAL_DIFF; 2026-10-08; sha256:545b52ea0e0e43d473182bd6281ad7e35d9807c9577311a76bd53ff91aeec02d
13,45657,normal,yes,AtlasLootMY_DungeonsAndRaids 3.0.0 active Ulduar NORMAL_DIFF; 2026-10-08; sha256:545b52ea0e0e43d473182bd6281ad7e35d9807c9577311a76bd53ff91aeec02d
13,45658,normal,yes,AtlasLootMY_DungeonsAndRaids 3.0.0 active Ulduar NORMAL_DIFF; 2026-10-08; sha256:545b52ea0e0e43d473182bd6281ad7e35d9807c9577311a76bd53ff91aeec02d
13,45693,normal,yes,AtlasLootMY_DungeonsAndRaids 3.0.0 active Ulduar NORMAL_DIFF; 2026-10-08; sha256:545b52ea0e0e43d473182bd6281ad7e35d9807c9577311a76bd53ff91aeec02d
13,46016,normal,yes,AtlasLootMY_DungeonsAndRaids 3.0.0 active Ulduar NORMAL_DIFF; 2026-10-08; sha256:545b52ea0e0e43d473182bd6281ad7e35d9807c9577311a76bd53ff91aeec02d
13,46018,normal,yes,AtlasLootMY_DungeonsAndRaids 3.0.0 active Ulduar NORMAL_DIFF; 2026-10-08; sha256:545b52ea0e0e43d473182bd6281ad7e35d9807c9577311a76bd53ff91aeec02d
13,46019,normal,yes,AtlasLootMY_DungeonsAndRaids 3.0.0 active Ulduar NORMAL_DIFF; 2026-10-08; sha256:545b52ea0e0e43d473182bd6281ad7e35d9807c9577311a76bd53ff91aeec02d
13,46021,normal,yes,AtlasLootMY_DungeonsAndRaids 3.0.0 active Ulduar NORMAL_DIFF; 2026-10-08; sha256:545b52ea0e0e43d473182bd6281ad7e35d9807c9577311a76bd53ff91aeec02d
13,46022,normal,yes,AtlasLootMY_DungeonsAndRaids 3.0.0 active Ulduar NORMAL_DIFF; 2026-10-08; sha256:545b52ea0e0e43d473182bd6281ad7e35d9807c9577311a76bd53ff91aeec02d
13,46024,normal,yes,AtlasLootMY_DungeonsAndRaids 3.0.0 active Ulduar NORMAL_DIFF; 2026-10-08; sha256:545b52ea0e0e43d473182bd6281ad7e35d9807c9577311a76bd53ff91aeec02d
13,46025,normal,yes,AtlasLootMY_DungeonsAndRaids 3.0.0 active Ulduar NORMAL_DIFF; 2026-10-08; sha256:545b52ea0e0e43d473182bd6281ad7e35d9807c9577311a76bd53ff91aeec02d
13,46028,normal,yes,AtlasLootMY_DungeonsAndRaids 3.0.0 active Ulduar NORMAL_DIFF; 2026-10-08; sha256:545b52ea0e0e43d473182bd6281ad7e35d9807c9577311a76bd53ff91aeec02d
13,46030,normal,yes,AtlasLootMY_DungeonsAndRaids 3.0.0 active Ulduar NORMAL_DIFF; 2026-10-08; sha256:545b52ea0e0e43d473182bd6281ad7e35d9807c9577311a76bd53ff91aeec02d
13,46031,normal,yes,AtlasLootMY_DungeonsAndRaids 3.0.0 active Ulduar NORMAL_DIFF; 2026-10-08; sha256:545b52ea0e0e43d473182bd6281ad7e35d9807c9577311a76bd53ff91aeec02d
13,46067,normal,yes,AtlasLootMY_DungeonsAndRaids 3.0.0 active Ulduar NORMAL_DIFF; 2026-10-08; sha256:545b52ea0e0e43d473182bd6281ad7e35d9807c9577311a76bd53ff91aeec02d
13,46068,normal,yes,AtlasLootMY_DungeonsAndRaids 3.0.0 active Ulduar NORMAL_DIFF; 2026-10-08; sha256:545b52ea0e0e43d473182bd6281ad7e35d9807c9577311a76bd53ff91aeec02d
13,46095,normal,yes,AtlasLootMY_DungeonsAndRaids 3.0.0 active Ulduar NORMAL_DIFF; 2026-10-08; sha256:545b52ea0e0e43d473182bd6281ad7e35d9807c9577311a76bd53ff91aeec02d
13,46096,normal,yes,AtlasLootMY_DungeonsAndRaids 3.0.0 active Ulduar NORMAL_DIFF; 2026-10-08; sha256:545b52ea0e0e43d473182bd6281ad7e35d9807c9577311a76bd53ff91aeec02d
13,46097,normal,yes,AtlasLootMY_DungeonsAndRaids 3.0.0 active Ulduar NORMAL_DIFF; 2026-10-08; sha256:545b52ea0e0e43d473182bd6281ad7e35d9807c9577311a76bd53ff91aeec02d
13,46312,normal,yes,AtlasLootMY_DungeonsAndRaids 3.0.0 active Ulduar NORMAL_DIFF; 2026-10-08; sha256:545b52ea0e0e43d473182bd6281ad7e35d9807c9577311a76bd53ff91aeec02d
13,270187,normal,yes,AtlasLootMY_DungeonsAndRaids 3.0.0 active Ulduar NORMAL_DIFF; 2026-10-08; sha256:545b52ea0e0e43d473182bd6281ad7e35d9807c9577311a76bd53ff91aeec02d
14,45570,normal,yes,AtlasLootMY_DungeonsAndRaids 3.0.0 active Ulduar NORMAL_DIFF; 2026-10-08; sha256:545b52ea0e0e43d473182bd6281ad7e35d9807c9577311a76bd53ff91aeec02d
14,45587,normal,yes,AtlasLootMY_DungeonsAndRaids 3.0.0 active Ulduar NORMAL_DIFF; 2026-10-08; sha256:545b52ea0e0e43d473182bd6281ad7e35d9807c9577311a76bd53ff91aeec02d
14,45594,normal,yes,AtlasLootMY_DungeonsAndRaids 3.0.0 active Ulduar NORMAL_DIFF; 2026-10-08; sha256:545b52ea0e0e43d473182bd6281ad7e35d9807c9577311a76bd53ff91aeec02d
14,45599,normal,yes,AtlasLootMY_DungeonsAndRaids 3.0.0 active Ulduar NORMAL_DIFF; 2026-10-08; sha256:545b52ea0e0e43d473182bd6281ad7e35d9807c9577311a76bd53ff91aeec02d
14,45607,normal,yes,AtlasLootMY_DungeonsAndRaids 3.0.0 active Ulduar NORMAL_DIFF; 2026-10-08; sha256:545b52ea0e0e43d473182bd6281ad7e35d9807c9577311a76bd53ff91aeec02d
14,45609,normal,yes,AtlasLootMY_DungeonsAndRaids 3.0.0 active Ulduar NORMAL_DIFF; 2026-10-08; sha256:545b52ea0e0e43d473182bd6281ad7e35d9807c9577311a76bd53ff91aeec02d
14,45610,normal,yes,AtlasLootMY_DungeonsAndRaids 3.0.0 active Ulduar NORMAL_DIFF; 2026-10-08; sha256:545b52ea0e0e43d473182bd6281ad7e35d9807c9577311a76bd53ff91aeec02d
14,45611,normal,yes,AtlasLootMY_DungeonsAndRaids 3.0.0 active Ulduar NORMAL_DIFF; 2026-10-08; sha256:545b52ea0e0e43d473182bd6281ad7e35d9807c9577311a76bd53ff91aeec02d
14,45612,normal,yes,AtlasLootMY_DungeonsAndRaids 3.0.0 active Ulduar NORMAL_DIFF; 2026-10-08; sha256:545b52ea0e0e43d473182bd6281ad7e35d9807c9577311a76bd53ff91aeec02d
14,45613,normal,yes,AtlasLootMY_DungeonsAndRaids 3.0.0 active Ulduar NORMAL_DIFF; 2026-10-08; sha256:545b52ea0e0e43d473182bd6281ad7e35d9807c9577311a76bd53ff91aeec02d
14,45615,normal,yes,AtlasLootMY_DungeonsAndRaids 3.0.0 active Ulduar NORMAL_DIFF; 2026-10-08; sha256:545b52ea0e0e43d473182bd6281ad7e35d9807c9577311a76bd53ff91aeec02d
14,45616,normal,yes,AtlasLootMY_DungeonsAndRaids 3.0.0 active Ulduar NORMAL_DIFF; 2026-10-08; sha256:545b52ea0e0e43d473182bd6281ad7e35d9807c9577311a76bd53ff91aeec02d
14,45617,normal,yes,AtlasLootMY_DungeonsAndRaids 3.0.0 active Ulduar NORMAL_DIFF; 2026-10-08; sha256:545b52ea0e0e43d473182bd6281ad7e35d9807c9577311a76bd53ff91aeec02d
14,45619,normal,yes,AtlasLootMY_DungeonsAndRaids 3.0.0 active Ulduar NORMAL_DIFF; 2026-10-08; sha256:545b52ea0e0e43d473182bd6281ad7e35d9807c9577311a76bd53ff91aeec02d
14,45620,normal,yes,AtlasLootMY_DungeonsAndRaids 3.0.0 active Ulduar NORMAL_DIFF; 2026-10-08; sha256:545b52ea0e0e43d473182bd6281ad7e35d9807c9577311a76bd53ff91aeec02d
14,45665,normal,yes,AtlasLootMY_DungeonsAndRaids 3.0.0 active Ulduar NORMAL_DIFF; 2026-10-08; sha256:545b52ea0e0e43d473182bd6281ad7e35d9807c9577311a76bd53ff91aeec02d
14,46037,normal,yes,AtlasLootMY_DungeonsAndRaids 3.0.0 active Ulduar NORMAL_DIFF; 2026-10-08; sha256:545b52ea0e0e43d473182bd6281ad7e35d9807c9577311a76bd53ff91aeec02d
14,46038,normal,yes,AtlasLootMY_DungeonsAndRaids 3.0.0 active Ulduar NORMAL_DIFF; 2026-10-08; sha256:545b52ea0e0e43d473182bd6281ad7e35d9807c9577311a76bd53ff91aeec02d
14,46039,normal,yes,AtlasLootMY_DungeonsAndRaids 3.0.0 active Ulduar NORMAL_DIFF; 2026-10-08; sha256:545b52ea0e0e43d473182bd6281ad7e35d9807c9577311a76bd53ff91aeec02d
14,46040,normal,yes,AtlasLootMY_DungeonsAndRaids 3.0.0 active Ulduar NORMAL_DIFF; 2026-10-08; sha256:545b52ea0e0e43d473182bd6281ad7e35d9807c9577311a76bd53ff91aeec02d
14,46041,normal,yes,AtlasLootMY_DungeonsAndRaids 3.0.0 active Ulduar NORMAL_DIFF; 2026-10-08; sha256:545b52ea0e0e43d473182bd6281ad7e35d9807c9577311a76bd53ff91aeec02d
14,46042,normal,yes,AtlasLootMY_DungeonsAndRaids 3.0.0 active Ulduar NORMAL_DIFF; 2026-10-08; sha256:545b52ea0e0e43d473182bd6281ad7e35d9807c9577311a76bd53ff91aeec02d
14,46043,normal,yes,AtlasLootMY_DungeonsAndRaids 3.0.0 active Ulduar NORMAL_DIFF; 2026-10-08; sha256:545b52ea0e0e43d473182bd6281ad7e35d9807c9577311a76bd53ff91aeec02d
14,46044,normal,yes,AtlasLootMY_DungeonsAndRaids 3.0.0 active Ulduar NORMAL_DIFF; 2026-10-08; sha256:545b52ea0e0e43d473182bd6281ad7e35d9807c9577311a76bd53ff91aeec02d
14,46046,normal,yes,AtlasLootMY_DungeonsAndRaids 3.0.0 active Ulduar NORMAL_DIFF; 2026-10-08; sha256:545b52ea0e0e43d473182bd6281ad7e35d9807c9577311a76bd53ff91aeec02d
14,46047,normal,yes,AtlasLootMY_DungeonsAndRaids 3.0.0 active Ulduar NORMAL_DIFF; 2026-10-08; sha256:545b52ea0e0e43d473182bd6281ad7e35d9807c9577311a76bd53ff91aeec02d
14,46048,normal,yes,AtlasLootMY_DungeonsAndRaids 3.0.0 active Ulduar NORMAL_DIFF; 2026-10-08; sha256:545b52ea0e0e43d473182bd6281ad7e35d9807c9577311a76bd53ff91aeec02d
14,46049,normal,yes,AtlasLootMY_DungeonsAndRaids 3.0.0 active Ulduar NORMAL_DIFF; 2026-10-08; sha256:545b52ea0e0e43d473182bd6281ad7e35d9807c9577311a76bd53ff91aeec02d
14,46050,normal,yes,AtlasLootMY_DungeonsAndRaids 3.0.0 active Ulduar NORMAL_DIFF; 2026-10-08; sha256:545b52ea0e0e43d473182bd6281ad7e35d9807c9577311a76bd53ff91aeec02d
14,46051,normal,yes,AtlasLootMY_DungeonsAndRaids 3.0.0 active Ulduar NORMAL_DIFF; 2026-10-08; sha256:545b52ea0e0e43d473182bd6281ad7e35d9807c9577311a76bd53ff91aeec02d
14,46053,normal,yes,AtlasLootMY_DungeonsAndRaids 3.0.0 active Ulduar NORMAL_DIFF; 2026-10-08; sha256:545b52ea0e0e43d473182bd6281ad7e35d9807c9577311a76bd53ff91aeec02d
14,270158,normal,yes,AtlasLootMY_DungeonsAndRaids 3.0.0 active Ulduar NORMAL_DIFF; 2026-10-08; sha256:545b52ea0e0e43d473182bd6281ad7e35d9807c9577311a76bd53ff91aeec02d
14,270187,normal,yes,AtlasLootMY_DungeonsAndRaids 3.0.0 active Ulduar NORMAL_DIFF; 2026-10-08; sha256:545b52ea0e0e43d473182bd6281ad7e35d9807c9577311a76bd53ff91aeec02d
